sample_id,channel_id,channel_index,raw_channel_index,channel_role,sampling_rate_hz,duration_seconds,unique_value_count,minimum_stored_unit,maximum_stored_unit,standard_deviation_stored_unit,transition_rate,median_run_samples,dc_lsb_multiple_rate
test_000322,POL DC01,36,36,auxiliary_dc,2000.0000000000002,59.99999999999999,2,0.0,366.30029296875,182.73778328433744,0.3483195693297444,2.0,1.0
test_000322,POL DC02,37,37,auxiliary_dc,2000.0000000000002,59.99999999999999,2,-732.5999755859375,-366.29998779296875,176.2162318842128,0.3233110275918966,2.0,1.0
test_000322,POL DC03,38,38,auxiliary_dc,2000.0000000000002,59.99999999999999,2,-366.29998779296875,0.0,156.9797016096944,0.2665188876573971,2.0,1.0
test_000322,POL DC04,39,39,auxiliary_dc,2000.0000000000002,59.99999999999999,2,-366.29998779296875,0.0,180.11311381650256,0.33798614988458237,2.0,1.0
test_000322,POL DC05,40,40,auxiliary_dc,2000.0000000000002,59.99999999999999,3,-732.5999755859375,0.0,113.88393958632228,0.14805956716305968,2.0,1.0
test_000322,POL DC06,41,41,auxiliary_dc,2000.0000000000002,59.99999999999999,2,-366.29998779296875,0.0001500000071246177,175.9640183877883,0.3234026950224585,2.0,1.0
test_000322,POL DC07,42,42,auxiliary_dc,2000.0000000000002,59.99999999999999,3,-366.29998779296875,366.30029296875,70.34532037480687,0.061850515420961844,2.0,1.0
test_000322,POL DC08,43,43,auxiliary_dc,2000.0000000000002,59.99999999999999,3,-732.5999755859375,0.0,43.751302892152296,0.025416878473987284,2.0,1.0
test_000322,POL DC09,44,44,auxiliary_dc,2000.0000000000002,59.99999999999999,3,-732.5999755859375,0.0,45.130609679442756,0.027100225835215295,2.0,1.0
test_000322,POL DC10,45,45,auxiliary_dc,2000.0000000000002,59.99999999999999,3,-366.29998779296875,366.30029296875,34.89113124436527,0.01665013875115626,2.0,1.0
test_000322,POL DC11,46,46,auxiliary_dc,2000.0000000000002,59.99999999999999,3,-366.29998779296875,366.30029296875,127.23851430102285,0.1824931874432287,2.0,1.0
test_000322,POL DC12,47,47,auxiliary_dc,2000.0000000000002,59.99999999999999,3,-366.29998779296875,366.30029296875,35.67998093854016,0.01755014625121876,2.0,1.0
test_000322,POL DC13,48,48,auxiliary_dc,2000.0000000000002,59.99999999999999,3,-732.5999755859375,0.0,137.8699688312759,0.21271843932032766,2.0,1.0
test_000322,POL DC14,49,49,auxiliary_dc,2000.0000000000002,59.99999999999999,3,-366.29998779296875,366.30029296875,44.77690218955513,0.026816890140751174,2.0,1.0
test_000322,POL DC15,50,50,auxiliary_dc,2000.0000000000002,59.99999999999999,3,-732.5999755859375,0.0,107.7912373256612,0.13506779223160192,2.0,1.0
test_000322,POL DC16,51,51,auxiliary_dc,2000.0000000000002,59.99999999999999,3,-366.29998779296875,366.30029296875,133.3664309365933,0.19971833098609154,2.0,1.0
test_000489,POL AC1,0,0,seeg_ac_candidate,2000.0000000000002,59.99999999999999,2615,-92.8704605102539,351.074462890625,34.80307301807849,0.9543162859690497,1.0,0.0057361376673040155
test_000489,POL AC2,1,1,seeg_ac_candidate,2000.0000000000002,59.99999999999999,2108,-89.94132995605469,183.00782775878906,23.53438288491615,0.9419828498570821,1.0,0.007115749525616698
test_000489,POL AC3,2,2,seeg_ac_candidate,2000.0000000000002,59.99999999999999,1498,-75.39006805419922,103.41817474365234,15.81263593339422,0.9380494837456979,1.0,0.010013351134846462
test_000489,POL AC4,3,3,seeg_ac_candidate,2000.0000000000002,59.99999999999999,912,-33.105045318603516,64.5508804321289,11.461950146732677,0.9325661047175393,1.0,0.01644736842105263
test_000489,POL AC5,4,4,seeg_ac_candidate,2000.0000000000002,59.99999999999999,346,-10.644471168518066,24.316444396972656,4.947858107080672,0.902615855132126,1.0,0.04335260115606936
test_000489,POL AC6,5,5,seeg_ac_candidate,2000.0000000000002,59.99999999999999,350,-6.73823881149292,28.613304138183594,4.870032242807047,0.905582546521221,1.0,0.04285714285714286
test_000489,POL AC7,6,6,seeg_ac_candidate,2000.0000000000002,59.99999999999999,1028,-43.3593635559082,73.33982849121094,14.358641723598694,0.9373078108984242,1.0,0.014591439688715954
test_000489,POL AC8,7,7,seeg_ac_candidate,2000.0000000000002,59.99999999999999,1737,-66.11320495605469,134.8633270263672,21.758861542527885,0.9423161859682164,1.0,0.008635578583765112
test_000489,POL AC9,8,8,seeg_ac_candidate,2000.0000000000002,59.99999999999999,2434,-91.7966537475586,186.5235137939453,31.435304816249445,0.9456245468712239,1.0,0.006162695152013147
test_000489,POL AC10,9,9,seeg_ac_candidate,2000.0000000000002,59.99999999999999,3417,-144.53074645996094,229.29710388183594,48.8999916796972,0.9594579954832957,1.0,0.004389815627743635
test_000489,POL AC13,10,10,seeg_ac_candidate,2000.0000000000002,59.99999999999999,8300,-596.7730712890625,476.56365966796875,131.3784708152714,0.9756914640955341,1.0,0.004216867469879518
test_000489,POL AC14,11,11,seeg_ac_candidate,2000.0000000000002,59.99999999999999,6209,-457.2244873046875,362.2076416015625,87.97061264699724,0.9650580421503513,1.0,0.0035432436785311646
test_000489,POL AC15,12,12,seeg_ac_candidate,2000.0000000000002,59.99999999999999,6829,-715.13671875,349.3163757324219,101.06706819900751,0.9611746764556371,1.0,0.003514423780934251
test_000489,POL AC16,13,13,seeg_ac_candidate,2000.0000000000002,59.99999999999999,7352,-844.7216186523438,358.5945739746094,111.50155283781841,0.9634246952057934,1.0,0.003808487486398259
test_000489,POL AC11,22,22,seeg_ac_candidate,2000.0000000000002,59.99999999999999,6323,-485.6436462402344,327.343994140625,94.27821536690628,0.9716330969424746,1.0,0.002846749960461806
test_000489,POL AC12,23,23,seeg_ac_candidate,2000.0000000000002,59.99999999999999,11638,-781.9309692382812,592.5786743164062,207.29947745483483,0.9780581504845873,1.0,0.003780718336483932
test_000489,POL DC01,37,37,auxiliary_dc,2000.0000000000002,59.99999999999999,3,-732.5999755859375,0.0,49.35695023409792,0.031783598196651636,2.0,1.0
test_000489,POL DC02,38,38,auxiliary_dc,2000.0000000000002,59.99999999999999,3,-366.29998779296875,366.30029296875,115.12601929717601,0.1521179343161193,2.0,1.0
test_000489,POL DC03,39,39,auxiliary_dc,2000.0000000000002,59.99999999999999,2,-366.29998779296875,0.0001500000071246177,158.67776618358036,0.2743856198801657,2.0,1.0
test_000489,POL DC04,40,40,auxiliary_dc,2000.0000000000002,59.99999999999999,2,-366.29998779296875,0.0,158.13206248700337,0.2693855782131518,2.0,1.0
test_000489,POL DC05,41,41,auxiliary_dc,2000.0000000000002,59.99999999999999,2,-366.29998779296875,0.0,167.53810245561206,0.30136917807648395,2.0,1.0
test_000489,POL DC06,42,42,auxiliary_dc,2000.0000000000002,59.99999999999999,3,-732.5999755859375,0.0,123.55483383933627,0.17468478903990867,2.0,1.0
test_000489,POL DC07,43,43,auxiliary_dc,2000.0000000000002,59.99999999999999,3,-732.5999755859375,0.0,149.2001497314064,0.2436020300169168,2.0,1.0
test_000489,POL DC08,44,44,auxiliary_dc,2000.0000000000002,59.99999999999999,168,-30769.19921875,30402.919921875,15377.42574908932,0.9402745022875191,1.0,1.0
test_000489,POL DC09,45,45,auxiliary_dc,2000.0000000000002,59.99999999999999,2,-366.29998779296875,0.0,177.95504420686524,0.32791939932832775,2.0,1.0
test_000489,POL DC10,46,46,auxiliary_dc,2000.0000000000002,59.99999999999999,3,-732.5999755859375,0.0,38.04176403086699,0.019550162918024316,2.0,1.0
test_000489,POL DC11,47,47,auxiliary_dc,2000.0000000000002,59.99999999999999,3,-732.5999755859375,0.0,72.60058339851786,0.06443387028225235,2.0,1.0
test_000489,POL DC12,48,48,auxiliary_dc,2000.0000000000002,59.99999999999999,2,-366.29998779296875,0.0,181.67517254628083,0.3466362219685164,2.0,1.0
test_000489,POL DC13,49,49,auxiliary_dc,2000.0000000000002,59.99999999999999,3,-366.29998779296875,366.30029296875,120.38821177630751,0.16708472570604754,2.0,1.0
test_000489,POL DC14,50,50,auxiliary_dc,2000.0000000000002,59.99999999999999,3,-366.29998779296875,366.30029296875,56.851045073727974,0.04146701222510188,2.0,1.0
test_000489,POL DC15,51,51,auxiliary_dc,2000.0000000000002,59.99999999999999,3,-366.29998779296875,366.30029296875,68.1437604589298,0.05861715514295952,2.0,1.0
test_000489,POL DC16,52,52,auxiliary_dc,2000.0000000000002,59.99999999999999,14,-62270.99609375,-57509.09375,351.7647866147187,0.264785539879499,2.0,1.0
test_000610,POL DC01,36,36,auxiliary_dc,2000.0000000000002,59.99999999999999,3,-732.5999755859375,0.0,59.67910536550784,0.045700380836506974,2.0,1.0
test_000610,POL DC02,37,37,auxiliary_dc,2000.0000000000002,59.99999999999999,3,-732.5999755859375,0.0,95.88708488575112,0.10846757056308802,2.0,1.0
test_000610,POL DC03,38,38,auxiliary_dc,2000.0000000000002,59.99999999999999,3,-732.5999755859375,0.0,41.954793442521506,0.023366861390511588,2.0,1.0
test_000610,POL DC04,39,39,auxiliary_dc,2000.0000000000002,59.99999999999999,2,-732.5999755859375,-366.29998779296875,148.23820251169005,0.23796864973874782,2.0,1.0
test_000610,POL DC05,40,40,auxiliary_dc,2000.0000000000002,59.99999999999999,3,-732.5999755859375,0.0,104.81555723200384,0.13015941799514996,2.0,1.0
test_000610,POL DC06,41,41,auxiliary_dc,2000.0000000000002,59.99999999999999,2,-366.29998779296875,0.0,170.68332172991796,0.3073942282852357,2.0,1.0
test_000610,POL DC07,42,42,auxiliary_dc,2000.0000000000002,59.99999999999999,3,-732.5999755859375,0.0,73.32922854965986,0.06656722139351161,2.0,1.0
test_000610,POL DC08,43,43,auxiliary_dc,2000.0000000000002,59.99999999999999,3,-732.5999755859375,0.0,35.47259041904196,0.01705014208451737,2.0,1.0
test_000610,POL DC09,44,44,auxiliary_dc,2000.0000000000002,59.99999999999999,2,-366.29998779296875,0.0,182.77959031992867,0.34801123342694523,2.0,1.0
test_000610,POL DC10,45,45,auxiliary_dc,2000.0000000000002,59.99999999999999,3,-732.5999755859375,0.0,129.38349546250612,0.1879265660547171,2.0,1.0
test_000610,POL DC11,46,46,auxiliary_dc,2000.0000000000002,59.99999999999999,3,-732.5999755859375,0.0,35.92068525131415,0.01771681430678589,2.0,1.0
test_000610,POL DC12,47,47,auxiliary_dc,2000.0000000000002,59.99999999999999,2,-366.29998779296875,0.0001500000071246177,174.96069907335863,0.31996933307777564,2.0,1.0
test_000610,POL DC13,48,48,auxiliary_dc,2000.0000000000002,59.99999999999999,2,-366.29998779296875,0.0001500000071246177,166.62967676896264,0.2946441220343503,2.0,1.0
test_000610,POL DC14,49,49,auxiliary_dc,2000.0000000000002,59.99999999999999,3,-732.5999755859375,0.0,130.16335726757472,0.19255160459670498,2.0,1.0
test_000610,POL DC15,50,50,auxiliary_dc,2000.0000000000002,59.99999999999999,2,-366.29998779296875,0.0001500000071246177,178.58611673002147,0.3379611496762473,2.0,1.0
test_000610,POL DC16,51,51,auxiliary_dc,2000.0000000000002,59.99999999999999,3,-732.5999755859375,0.0,56.048817079896324,0.04025033541946183,2.0,1.0
test_000801,POL DC01,36,36,auxiliary_dc,2000.0,60.0,3,-366.29998779296875,366.30029296875,179.61426064037053,0.33927782731522765,2.0,1.0
test_000801,POL DC02,37,37,auxiliary_dc,2000.0,60.0,3,-732.5999755859375,0.0,68.68840945221416,0.05876715639296994,2.0,1.0
test_000801,POL DC03,38,38,auxiliary_dc,2000.0,60.0,2,-366.29998779296875,0.0,183.1350676830094,0.3512529271077259,2.0,1.0
test_000801,POL DC04,39,39,auxiliary_dc,2000.0,60.0,3,-366.29998779296875,366.30029296875,50.19392469288099,0.03323361028008567,2.0,1.0
test_000801,POL DC05,40,40,auxiliary_dc,2000.0,60.0,3,-732.5999755859375,0.0,118.0115700898352,0.16181801515012625,2.0,1.0
test_000801,POL DC06,41,41,auxiliary_dc,2000.0,60.0,3,-732.5999755859375,0.0,65.8115381176947,0.05495045792048267,2.0,1.0
test_000801,POL DC07,42,42,auxiliary_dc,2000.0,60.0,2,-366.29998779296875,0.0,181.85770653063352,0.3422195184959875,2.0,1.0
test_000801,POL DC08,43,43,auxiliary_dc,2000.0,60.0,2,-366.29998779296875,0.0,182.83256507114032,0.34956124634371954,2.0,1.0
test_000801,POL DC09,44,44,auxiliary_dc,2000.0,60.0,3,-366.29998779296875,366.30029296875,49.3081113992527,0.0317335977799815,2.0,1.0
test_000801,POL DC10,45,45,auxiliary_dc,2000.0,60.0,2,-366.29998779296875,0.0,170.12053040183343,0.30674422286852393,2.0,1.0
test_000801,POL DC11,46,46,auxiliary_dc,2000.0,60.0,2,-366.29998779296875,0.0,175.05387877510898,0.3173443112025934,2.0,1.0
test_000801,POL DC12,47,47,auxiliary_dc,2000.0,60.0,3,-732.5999755859375,0.0,166.6237834932232,0.2975524796039967,2.0,1.0
test_000801,POL DC13,48,48,auxiliary_dc,2000.0,60.0,3,-366.29998779296875,366.30029296875,37.037665034395225,0.01880015666797223,2.0,1.0
test_000801,POL DC14,49,49,auxiliary_dc,2000.0,60.0,3,-732.5999755859375,0.0,82.03775062853423,0.0826756889640747,2.0,1.0
test_000801,POL DC15,50,50,auxiliary_dc,2000.0,60.0,2,-366.29998779296875,0.0,180.66411143868055,0.3408945074542288,2.0,1.0
test_000801,POL DC16,51,51,auxiliary_dc,2000.0,60.0,3,-732.5999755859375,0.0,84.78166396099343,0.08693405778381487,2.0,1.0
train_000001,POL DC01,36,36,auxiliary_dc,2000.0,60.0,3,-366.29998779296875,366.30029296875,80.31778493895001,0.0799756664638872,2.0,1.0
train_000001,POL DC02,37,37,auxiliary_dc,2000.0,60.0,3,-732.5999755859375,0.0,113.52012682510274,0.1487512395936633,2.0,1.0
train_000001,POL DC03,38,38,auxiliary_dc,2000.0,60.0,3,-732.5999755859375,0.0,43.20070407702391,0.025250210418420155,2.0,1.0
train_000001,POL DC04,39,39,auxiliary_dc,2000.0,60.0,3,-732.5999755859375,0.0,87.19833801142985,0.09190076583971533,2.0,1.0
train_000001,POL DC05,40,40,auxiliary_dc,2000.0,60.0,3,-366.29998779296875,366.30029296875,38.59206518202742,0.020183501529179408,2.0,1.0
train_000001,POL DC06,41,41,auxiliary_dc,2000.0,60.0,2,-366.29998779296875,0.0,179.43401844894498,0.33751114592621606,2.0,1.0
train_000001,POL DC07,42,42,auxiliary_dc,2000.0,60.0,3,-366.29998779296875,366.30029296875,167.47051751191455,0.3017275143959533,2.0,1.0
train_000001,POL DC08,43,43,auxiliary_dc,2000.0,60.0,2,-366.29998779296875,0.0,180.76964798012,0.3438361986349886,2.0,1.0
train_000001,POL DC09,44,44,auxiliary_dc,2000.0,60.0,3,-732.5999755859375,0.0,40.18545106860833,0.021933516112634274,2.0,1.0
train_000001,POL DC10,45,45,auxiliary_dc,2000.0,60.0,2,-366.29998779296875,0.0,183.1332210660175,0.3513779281494012,2.0,1.0
train_000001,POL DC11,46,46,auxiliary_dc,2000.0,60.0,2,-366.29998779296875,0.0,169.74256843726545,0.30673588946574554,2.0,1.0
train_000001,POL DC12,47,47,auxiliary_dc,2000.0,60.0,2,-366.29998779296875,0.0,170.96775647061634,0.3116859307160893,2.0,1.0
train_000001,POL DC13,48,48,auxiliary_dc,2000.0,60.0,3,-732.5999755859375,0.0,48.18515870696153,0.03043358694655789,2.0,1.0
train_000001,POL DC14,49,49,auxiliary_dc,2000.0,60.0,3,-366.29998779296875,366.30029296875,36.79660383700892,0.017300144167868067,2.0,1.0
train_000001,POL DC15,50,50,auxiliary_dc,2000.0,60.0,2,-366.29998779296875,0.0001500000071246177,181.8817279978708,0.34561121342677853,2.0,1.0
train_000001,POL DC16,51,51,auxiliary_dc,2000.0,60.0,3,-366.29998779296875,366.30029296875,132.33449248771916,0.19331827765231377,2.0,1.0
train_000001,POL AC1,147,147,seeg_ac_candidate,2000.0,60.0,3625,-215.03895568847656,172.94921875,57.745511055834925,0.9738581154842957,1.0,0.004137931034482759
train_000001,POL AC2,148,148,seeg_ac_candidate,2000.0,60.0,3010,-160.3512725830078,163.86715698242188,48.163997205129576,0.9718664322202685,1.0,0.0049833887043189366
train_000001,POL AC3,149,149,seeg_ac_candidate,2000.0,60.0,3205,-159.56968688964844,194.0430145263672,53.446043412013815,0.9744581204843373,1.0,0.0046801872074883
train_000001,POL AC4,150,150,seeg_ac_candidate,2000.0,60.0,2597,-112.89045715332031,162.69532775878906,43.44246766038323,0.9683580696505805,1.0,0.005775895263765884
train_000001,POL AC5,151,151,seeg_ac_candidate,2000.0,60.0,2624,-107.90960693359375,175.00006103515625,47.33866286269675,0.9689580746506221,1.0,0.005716463414634146
train_000001,POL AC6,152,152,seeg_ac_candidate,2000.0,60.0,2616,-137.3045654296875,138.47657775878906,38.05016483020324,0.9646413720114334,1.0,0.005733944954128441
train_000001,POL AC7,153,153,seeg_ac_candidate,2000.0,60.0,2736,-159.0812225341797,136.816650390625,41.424125248581504,0.9654330452753773,1.0,0.005482456140350877
train_000001,POL AC8,154,154,seeg_ac_candidate,2000.0,60.0,2432,-114.06210327148438,135.15638732910156,37.66133948462016,0.9663080525671047,1.0,0.006167763157894737
train_000001,POL AC9,155,155,seeg_ac_candidate,2000.0,60.0,2418,-137.89010620117188,121.97283935546875,36.86184100459106,0.9654830456920475,1.0,0.00620347394540943
train_000001,POL AC10,156,156,seeg_ac_candidate,2000.0,60.0,2137,-89.74589538574219,131.6406707763672,32.22378452770822,0.9654663788864907,1.0,0.0070191857744501636
train_000001,POL AC11,157,157,seeg_ac_candidate,2000.0,60.0,2326,-115.52684020996094,128.32049560546875,37.726644844558486,0.9652080434003617,1.0,0.006448839208942391
train_000001,POL AC12,158,158,seeg_ac_candidate,2000.0,60.0,2424,-121.6792984008789,127.14856719970703,39.10475805058037,0.9660913840948675,1.0,0.006188118811881188
train_000001,POL AC13,159,159,seeg_ac_candidate,2000.0,60.0,2508,-129.68673706054688,145.99642944335938,36.956362179821156,0.9690247418728489,1.0,0.005980861244019139
train_000001,POL AC14,160,160,seeg_ac_candidate,2000.0,60.0,2844,-150.78091430664062,152.34385681152344,42.96165141584971,0.9707497562479688,1.0,0.005274261603375527
train_000001,POL AC15,161,161,seeg_ac_candidate,2000.0,60.0,2303,-118.55416107177734,141.0158233642578,31.451057031519685,0.9684330702755857,1.0,0.006513243595310464
train_000001,POL AC16,162,162,seeg_ac_candidate,2000.0,60.0,1191,-45.507354736328125,85.25406646728516,17.369038983527584,0.9616830140251169,1.0,0.012594458438287154
train_000012,POL DC01,36,36,auxiliary_dc,2000.0,60.0,3,-366.29998779296875,366.30029296875,92.63848025832918,0.10345086209051742,2.0,1.0
train_000012,POL DC02,37,37,auxiliary_dc,2000.0,60.0,3,-732.5999755859375,0.0,90.2516302900253,0.09856748806240052,2.0,1.0
train_000012,POL DC03,38,38,auxiliary_dc,2000.0,60.0,3,-732.5999755859375,0.0,34.17747033929042,0.01626680222335186,2.0,1.0
train_000012,POL DC04,39,39,auxiliary_dc,2000.0,60.0,3,-732.5999755859375,0.0,78.49519240555435,0.0764339702830857,2.0,1.0
train_000012,POL DC05,40,40,auxiliary_dc,2000.0,60.0,2,-366.29998779296875,0.0,182.71517252735342,0.349969583079859,2.0,1.0
train_000012,POL DC06,41,41,auxiliary_dc,2000.0,60.0,3,-366.29998779296875,366.30029296875,81.21039896530827,0.08100067500562505,2.0,1.0
train_000012,POL DC07,42,42,auxiliary_dc,2000.0,60.0,3,-366.29998779296875,366.30029296875,126.13243005148414,0.17919315994299953,2.0,1.0
train_000012,POL DC08,43,43,auxiliary_dc,2000.0,60.0,3,-366.29998779296875,366.30029296875,131.01253534066456,0.19110159251327094,2.0,1.0
train_000012,POL DC09,44,44,auxiliary_dc,2000.0,60.0,3,-732.5999755859375,0.0,42.36261030463862,0.02393353277943983,2.0,1.0
train_000012,POL DC10,45,45,auxiliary_dc,2000.0,60.0,3,-732.5999755859375,0.0,76.11463333420603,0.07135059458828824,2.0,1.0
train_000012,POL DC11,46,46,auxiliary_dc,2000.0,60.0,2,-366.29998779296875,0.0,177.62123771568844,0.3284027366894724,2.0,1.0
train_000012,POL DC12,47,47,auxiliary_dc,2000.0,60.0,3,-366.29998779296875,366.30029296875,55.920376099408685,0.04018366819723498,2.0,1.0
train_000012,POL DC13,48,48,auxiliary_dc,2000.0,60.0,3,-732.5999755859375,0.0,59.9506471971646,0.045733714447620394,2.0,1.0
train_000012,POL DC14,49,49,auxiliary_dc,2000.0,60.0,2,-366.29998779296875,0.0,177.3491838288616,0.33203610030083586,2.0,1.0
train_000012,POL DC15,50,50,auxiliary_dc,2000.0,60.0,2,-732.5999755859375,-366.29998779296875,165.92057333357673,0.29333577779814834,2.0,1.0
train_000012,POL DC16,51,51,auxiliary_dc,2000.0,60.0,3,-732.5999755859375,0.0,52.98405449357825,0.03633363611363428,2.0,1.0
train_000012,POL AC1,124,124,seeg_ac_candidate,2000.0,60.0,5739,-239.64849853515625,472.2654724121094,86.80403940149039,0.9939832831940266,1.0,0.003833420456525527
train_000012,POL AC2,125,125,seeg_ac_candidate,2000.0,60.0,5314,-202.44113159179688,449.6092529296875,79.16944748774829,0.994108284235702,1.0,0.004892736168611215
train_000012,POL AC3,126,126,seeg_ac_candidate,2000.0,60.0,5143,-193.0659637451172,436.4257507324219,76.2313976366458,0.994249952082934,1.0,0.0038887808671981333
train_000012,POL AC4,127,127,seeg_ac_candidate,2000.0,60.0,5086,-180.07774353027344,444.9220275878906,74.61384561509358,0.994108284235702,1.0,0.003932363350373574
train_000012,POL AC5,128,128,seeg_ac_candidate,2000.0,60.0,5046,-190.2337646484375,433.3986511230469,73.66452655836167,0.9941166176384804,1.0,0.004359889021006738
train_000012,POL AC6,129,129,seeg_ac_candidate,2000.0,60.0,5036,-190.52703857421875,435.7423095703125,73.43015699127758,0.9941166176384804,1.0,0.003574265289912629
train_000012,POL AC7,130,130,seeg_ac_candidate,2000.0,60.0,5040,-191.8943634033203,443.7500305175781,73.43627945048173,0.9942332852773773,1.0,0.00376984126984127
train_000012,POL AC8,131,131,seeg_ac_candidate,2000.0,60.0,5059,-184.2772674560547,453.02691650390625,74.48581692206265,0.9939832831940266,1.0,0.004546353034196481
train_000012,POL AC9,132,132,seeg_ac_candidate,2000.0,60.0,5175,-205.37066650390625,457.2266845703125,77.66883441379841,0.9942166184718206,1.0,0.004057971014492754
train_000012,POL AC10,133,133,seeg_ac_candidate,2000.0,60.0,5242,-208.49574279785156,477.3436279296875,77.25254108269307,0.9944749539579496,1.0,0.0038153376573826785
train_000012,POL AC11,134,134,seeg_ac_candidate,2000.0,60.0,5327,-234.0818328857422,471.9726257324219,80.78613832400298,0.993899949166243,1.0,0.003942181340341655
train_000012,POL AC12,135,135,seeg_ac_candidate,2000.0,60.0,5352,-220.01937866210938,442.7733154296875,81.74156802567033,0.9941416178468154,1.0,0.00429745889387145
train_000012,POL AC13,136,136,seeg_ac_candidate,2000.0,60.0,5201,-206.34762573242188,463.0857238769531,78.86875875338632,0.9937666147217894,1.0,0.003653143626225726
train_000012,POL AC14,137,137,seeg_ac_candidate,2000.0,60.0,5249,-209.765869140625,468.84716796875,79.19950902424883,0.9944416203468363,1.0,0.0040007620499142695
train_000012,POL AC15,138,138,seeg_ac_candidate,2000.0,60.0,13613,-1318.65087890625,1397.0706787109375,223.9794982449218,0.9971166426386887,1.0,0.003893337251156982
train_000012,POL AC16,139,139,seeg_ac_candidate,2000.0,60.0,5286,-226.7545623779297,500.0018005371094,80.93933154448294,0.9938832823606863,1.0,0.003972758229284903
train_000027,POL DC01,36,36,auxiliary_dc,1999.9999999999998,60.00000000000001,2,-366.29998779296875,0.0001500000071246177,150.82613451541013,0.24838540321169342,2.0,1.0
train_000027,POL DC02,37,37,auxiliary_dc,1999.9999999999998,60.00000000000001,3,-732.5999755859375,0.0,40.77981741077882,0.022325186043217028,2.0,1.0
train_000027,POL DC03,38,38,auxiliary_dc,1999.9999999999998,60.00000000000001,2,-732.5999755859375,-366.29998779296875,183.08575495494406,0.3500612505104209,2.0,1.0
train_000027,POL DC04,39,39,auxiliary_dc,1999.9999999999998,60.00000000000001,3,-732.5999755859375,0.0,164.67040630483143,0.29127742731189427,2.0,1.0
train_000027,POL DC05,40,40,auxiliary_dc,1999.9999999999998,60.00000000000001,3,-732.5999755859375,0.0,60.034952331608345,0.046167051392094934,2.0,1.0
train_000027,POL DC06,41,41,auxiliary_dc,1999.9999999999998,60.00000000000001,3,-732.5999755859375,0.0,34.90885647780322,0.016283469028908575,2.0,1.0
train_000027,POL DC07,42,42,auxiliary_dc,1999.9999999999998,60.00000000000001,3,-366.29998779296875,366.30029296875,43.04500438156733,0.02478353986283219,2.0,1.0
train_000027,POL DC08,43,43,auxiliary_dc,1999.9999999999998,60.00000000000001,3,-732.5999755859375,0.0,122.32736336576981,0.1716680972341436,2.0,1.0
train_000027,POL DC09,44,44,auxiliary_dc,1999.9999999999998,60.00000000000001,3,-732.5999755859375,0.0,35.3034237399733,0.017300144167868067,2.0,1.0
train_000027,POL DC10,45,45,auxiliary_dc,1999.9999999999998,60.00000000000001,3,-732.5999755859375,0.0,43.87656006028273,0.025833548612905106,2.0,1.0
train_000027,POL DC11,46,46,auxiliary_dc,1999.9999999999998,60.00000000000001,2,-366.29998779296875,0.0,175.9815596153725,0.32156101300844175,2.0,1.0
train_000027,POL DC12,47,47,auxiliary_dc,1999.9999999999998,60.00000000000001,3,-732.5999755859375,0.0,76.33598368417994,0.07210060083834031,2.0,1.0
train_000027,POL DC13,48,48,auxiliary_dc,1999.9999999999998,60.00000000000001,3,-732.5999755859375,0.0,95.24471971991176,0.10785089875748964,2.0,1.0
train_000027,POL DC14,49,49,auxiliary_dc,1999.9999999999998,60.00000000000001,2,-366.29998779296875,0.0001500000071246177,145.22697710398774,0.23267693897449146,2.0,1.0
train_000027,POL DC15,50,50,auxiliary_dc,1999.9999999999998,60.00000000000001,2,-366.29998779296875,0.0,179.98280506679527,0.3410278418986825,2.0,1.0
train_000027,POL DC16,51,51,auxiliary_dc,1999.9999999999998,60.00000000000001,2,-366.29998779296875,0.0,158.98266618935557,0.275818965158043,2.0,1.0
train_000057,POL DC01,36,36,auxiliary_dc,1999.9999999999998,60.00000000000001,2,-366.29998779296875,0.0,183.14999081854697,0.351302927524396,2.0,1.0
train_000057,POL DC02,37,37,auxiliary_dc,1999.9999999999998,60.00000000000001,3,-732.5999755859375,0.0,46.92689652418089,0.0291669097242477,2.0,1.0
train_000057,POL DC03,38,38,auxiliary_dc,1999.9999999999998,60.00000000000001,2,-732.5999755859375,-366.29998779296875,182.99106773572746,0.3503362528021067,2.0,1.0
train_000057,POL DC04,39,39,auxiliary_dc,1999.9999999999998,60.00000000000001,2,-366.29998779296875,0.0,173.00075378864503,0.31581929849415413,2.0,1.0
train_000057,POL DC05,40,40,auxiliary_dc,1999.9999999999998,60.00000000000001,3,-732.5999755859375,0.0,66.46656852674715,0.05595046625388545,2.0,1.0
train_000057,POL DC06,41,41,auxiliary_dc,1999.9999999999998,60.00000000000001,3,-732.5999755859375,0.0,43.09380923571558,0.025150209585079877,2.0,1.0
train_000057,POL DC07,42,42,auxiliary_dc,1999.9999999999998,60.00000000000001,3,-366.29998779296875,366.30029296875,52.17079347739098,0.03536696139134493,2.0,1.0
train_000057,POL DC08,43,43,auxiliary_dc,1999.9999999999998,60.00000000000001,3,-732.5999755859375,0.0,117.2061080810209,0.1571513095942466,2.0,1.0
train_000057,POL DC09,44,44,auxiliary_dc,1999.9999999999998,60.00000000000001,3,-732.5999755859375,0.0,56.829651631923156,0.04166701389178243,2.0,1.0
train_000057,POL DC10,45,45,auxiliary_dc,1999.9999999999998,60.00000000000001,3,-732.5999755859375,0.0,34.797531532512046,0.016916807640063668,2.0,1.0
train_000057,POL DC11,46,46,auxiliary_dc,1999.9999999999998,60.00000000000001,2,-366.29998779296875,0.0,176.43317382991683,0.32536937807815064,2.0,1.0
train_000057,POL DC12,47,47,auxiliary_dc,1999.9999999999998,60.00000000000001,3,-732.5999755859375,0.0,68.20034493280791,0.058283819031825265,2.0,1.0
train_000057,POL DC13,48,48,auxiliary_dc,1999.9999999999998,60.00000000000001,2,-366.29998779296875,0.0,168.72984433175347,0.30321086009050074,2.0,1.0
train_000057,POL DC14,49,49,auxiliary_dc,1999.9999999999998,60.00000000000001,2,-366.29998779296875,0.0,175.04824344343956,0.32224435203626695,2.0,1.0
train_000057,POL DC15,50,50,auxiliary_dc,1999.9999999999998,60.00000000000001,2,-366.29998779296875,0.0,172.2708913715807,0.31505262543854534,2.0,1.0
train_000057,POL DC16,51,51,auxiliary_dc,1999.9999999999998,60.00000000000001,3,-366.29998779296875,366.30029296875,160.68375296552549,0.2762606355052959,2.0,1.0
train_000107,POL DC01,36,36,auxiliary_dc,2000.0,60.0,3,-366.29998779296875,366.30029296875,84.86524139632832,0.08921741014508454,2.0,1.0
train_000107,POL DC02,37,37,auxiliary_dc,2000.0,60.0,3,-732.5999755859375,0.0,115.29202342681018,0.1530346086217385,2.0,1.0
train_000107,POL DC03,38,38,auxiliary_dc,2000.0,60.0,3,-732.5999755859375,0.0,42.07161025316746,0.02361686347386228,2.0,1.0
train_000107,POL DC04,39,39,auxiliary_dc,2000.0,60.0,3,-732.5999755859375,0.0,90.42549104488694,0.09883415695130793,2.0,1.0
train_000107,POL DC05,40,40,auxiliary_dc,2000.0,60.0,3,-366.29998779296875,366.30029296875,38.713820919175625,0.020250168751406263,2.0,1.0
train_000107,POL DC06,41,41,auxiliary_dc,2000.0,60.0,2,-366.29998779296875,0.0,177.0395689613702,0.33100275835631965,2.0,1.0
train_000107,POL DC07,42,42,auxiliary_dc,2000.0,60.0,3,-366.29998779296875,366.30029296875,171.4636650548282,0.311585929882749,2.0,1.0
train_000107,POL DC08,43,43,auxiliary_dc,2000.0,60.0,2,-366.29998779296875,0.0,177.71217803678002,0.3319110992591605,2.0,1.0
train_000107,POL DC09,44,44,auxiliary_dc,2000.0,60.0,3,-732.5999755859375,0.0,40.36647736590271,0.022283519029325245,2.0,1.0
train_000107,POL DC10,45,45,auxiliary_dc,2000.0,60.0,2,-366.29998779296875,0.0,183.13411766515335,0.3512695939132826,2.0,1.0
train_000107,POL DC11,46,46,auxiliary_dc,2000.0,60.0,2,-366.29998779296875,0.0,173.14025644774378,0.3172026433553613,2.0,1.0
train_000107,POL DC12,47,47,auxiliary_dc,2000.0,60.0,2,-366.29998779296875,0.0,173.93117591778238,0.3232526937724481,2.0,1.0
train_000107,POL DC13,48,48,auxiliary_dc,2000.0,60.0,3,-732.5999755859375,0.0,50.01442371613956,0.03241693680780673,2.0,1.0
train_000107,POL DC14,49,49,auxiliary_dc,2000.0,60.0,3,-366.29998779296875,366.30029296875,41.545156763507705,0.01956682972358103,2.0,1.0
train_000107,POL DC15,50,50,auxiliary_dc,2000.0,60.0,2,-366.29998779296875,0.0001500000071246177,182.0604878673586,0.34434453620446837,2.0,1.0
train_000107,POL DC16,51,51,auxiliary_dc,2000.0,60.0,2,-366.29998779296875,0.0001500000071246177,142.83934696120608,0.2235351961266344,2.0,1.0
train_000107,POL AC1,147,147,seeg_ac_candidate,2000.0,60.0,4584,-279.7850341796875,271.0937194824219,75.0409254129147,0.9762081350677922,1.0,0.0032722513089005235
train_000107,POL AC2,148,148,seeg_ac_candidate,2000.0,60.0,3057,-175.58563232421875,197.75384521484375,48.2832446980203,0.9752497937482812,1.0,0.004906771344455349
train_000107,POL AC3,149,149,seeg_ac_candidate,2000.0,60.0,3017,-230.46800231933594,155.07823181152344,54.54680637018584,0.9773664780539838,1.0,0.004971826317533974
train_000107,POL AC4,150,150,seeg_ac_candidate,2000.0,60.0,2738,-201.07400512695312,142.18751525878906,44.9180695690547,0.9719080992341603,1.0,0.00547845142439737
train_000107,POL AC5,151,151,seeg_ac_candidate,2000.0,60.0,3046,-229.49142456054688,144.53135681152344,53.51886522134858,0.9717330977758148,1.0,0.004924491135915955
train_000107,POL AC6,152,152,seeg_ac_candidate,2000.0,60.0,2604,-207.91000366210938,148.92579650878906,39.4112126683269,0.9680080667338894,1.0,0.00576036866359447
train_000107,POL AC7,153,153,seeg_ac_candidate,2000.0,60.0,2979,-237.79200744628906,167.96893310546875,44.39477913556135,0.9696247468728906,1.0,0.005035246727089627
train_000107,POL AC8,154,154,seeg_ac_candidate,2000.0,60.0,2832,-238.7689971923828,184.0821075439453,41.31149069596582,0.9696664138867824,1.0,0.005296610169491525
train_000107,POL AC9,155,155,seeg_ac_candidate,2000.0,60.0,2703,-204.00331115722656,177.92979431152344,39.551547761432815,0.9685914049283744,1.0,0.005549389567147614
train_000107,POL AC10,156,156,seeg_ac_candidate,2000.0,60.0,2477,-182.42160034179688,176.171875,34.830117194071455,0.9690580754839624,1.0,0.006055712555510699
train_000107,POL AC11,157,157,seeg_ac_candidate,2000.0,60.0,2628,-170.01895141601562,192.96885681152344,38.57732231116001,0.9691997433311944,1.0,0.005707762557077625
train_000107,POL AC12,158,158,seeg_ac_candidate,2000.0,60.0,2762,-192.38235473632812,202.05084228515625,39.67274227739187,0.9703747531229427,1.0,0.005430847212165098
train_000107,POL AC13,159,159,seeg_ac_candidate,2000.0,60.0,3037,-220.50689697265625,237.0119171142578,40.16516928168939,0.9716414303452529,1.0,0.004939084622983207
train_000107,POL AC14,160,160,seeg_ac_candidate,2000.0,60.0,3447,-241.30819702148438,277.6367492675781,45.88909404326438,0.973749781248177,1.0,0.004351610095735422
train_000107,POL AC15,161,161,seeg_ac_candidate,2000.0,60.0,2915,-201.56187438964844,215.82041931152344,36.53250325878333,0.9712830940257835,1.0,0.005145797598627788
train_000107,POL AC16,162,162,seeg_ac_candidate,2000.0,60.0,1826,-108.10487365722656,163.67185974121094,20.464561667165558,0.9654830456920475,1.0,0.008214676889375685
train_000119,POL DC01,36,36,auxiliary_dc,2000.0,60.0,3,-366.29998779296875,366.30029296875,75.0369276333888,0.0701505845882049,2.0,1.0
train_000119,POL DC02,37,37,auxiliary_dc,2000.0,60.0,3,-732.5999755859375,0.0,117.30135674958628,0.15833465278877323,2.0,1.0
train_000119,POL DC03,38,38,auxiliary_dc,2000.0,60.0,3,-732.5999755859375,0.0,34.24304657920467,0.016116800973341446,2.0,1.0
train_000119,POL DC04,39,39,auxiliary_dc,2000.0,60.0,3,-732.5999755859375,0.0,76.67101214180256,0.07190893257443812,2.0,1.0
train_000119,POL DC05,40,40,auxiliary_dc,2000.0,60.0,2,-366.29998779296875,0.0001500000071246177,183.13545283603182,0.346861223843532,2.0,1.0
train_000119,POL DC06,41,41,auxiliary_dc,2000.0,60.0,3,-366.29998779296875,366.30029296875,102.04093727428226,0.12331769431411928,2.0,1.0
train_000119,POL DC07,42,42,auxiliary_dc,2000.0,60.0,3,-366.29998779296875,366.30029296875,118.81986779280084,0.16283469028908573,2.0,1.0
train_000119,POL DC08,43,43,auxiliary_dc,2000.0,60.0,2,-366.29998779296875,0.0001500000071246177,145.57067470909246,0.23246860390503254,2.0,1.0
train_000119,POL DC09,44,44,auxiliary_dc,2000.0,60.0,3,-732.5999755859375,0.0,36.37217765811178,0.017816815140126167,2.0,1.0
train_000119,POL DC10,45,45,auxiliary_dc,2000.0,60.0,3,-732.5999755859375,0.0,104.6397577320257,0.12920107667563896,2.0,1.0
train_000119,POL DC11,46,46,auxiliary_dc,2000.0,60.0,2,-366.29998779296875,0.0,183.05852792826443,0.3475362294685789,2.0,1.0
train_000119,POL DC12,47,47,auxiliary_dc,2000.0,60.0,3,-366.29998779296875,366.30029296875,36.53523885436392,0.018633488612405102,2.0,1.0
train_000119,POL DC13,48,48,auxiliary_dc,2000.0,60.0,3,-732.5999755859375,0.0,55.05122211541027,0.03901699180826507,2.0,1.0
train_000119,POL DC14,49,49,auxiliary_dc,2000.0,60.0,2,-366.29998779296875,0.0001500000071246177,182.4916593209282,0.34875290627421895,2.0,1.0
train_000119,POL DC15,50,50,auxiliary_dc,2000.0,60.0,2,-732.5999755859375,-366.29998779296875,139.61894870700797,0.21843515362628022,2.0,1.0
train_000119,POL DC16,51,51,auxiliary_dc,2000.0,60.0,3,-732.5999755859375,0.0,52.66725463953764,0.036533637780314834,2.0,1.0
train_000119,POL AC1,124,124,seeg_ac_candidate,2000.0,60.0,3503,-165.8199920654297,236.71890258789062,54.64135591819557,0.9937332811106759,1.0,0.004282043962318013
train_000119,POL AC2,125,125,seeg_ac_candidate,2000.0,60.0,3261,-162.98825073242188,213.18356323242188,50.99632591406761,0.9935999466662222,1.0,0.004599816007359705
train_000119,POL AC3,126,126,seeg_ac_candidate,2000.0,60.0,3112,-149.3159637451172,196.2892608642578,48.41453016115422,0.9937916149301245,1.0,0.004820051413881748
train_000119,POL AC4,127,127,seeg_ac_candidate,2000.0,60.0,3022,-137.40203857421875,197.75408935546875,46.81175105992645,0.9940999508329236,1.0,0.004963600264725348
train_000119,POL AC5,128,128,seeg_ac_candidate,2000.0,60.0,2994,-139.74551391601562,190.8206787109375,46.139069639762944,0.993616613471779,1.0,0.00501002004008016
train_000119,POL AC6,129,129,seeg_ac_candidate,2000.0,60.0,2976,-141.69908142089844,185.3516387939453,45.904402661088874,0.9940249502079184,1.0,0.005040322580645161
train_000119,POL AC7,130,130,seeg_ac_candidate,2000.0,60.0,2983,-129.3942413330078,194.62905883789062,45.87306904858865,0.9934332786106551,1.0,0.005028494803888703
train_000119,POL AC8,131,131,seeg_ac_candidate,2000.0,60.0,3038,-138.2811737060547,196.48439025878906,46.87799531886206,0.9939582829856916,1.0,0.004937458854509546
train_000119,POL AC9,132,132,seeg_ac_candidate,2000.0,60.0,3253,-157.031005859375,204.5900115966797,50.157748660927254,0.9940916174301453,1.0,0.0046111281893636644
train_000119,POL AC10,133,133,seeg_ac_candidate,2000.0,60.0,3258,-162.1092987060547,203.2224578857422,50.12410335916069,0.993616613471779,1.0,0.004604051565377533
train_000119,POL AC11,134,134,seeg_ac_candidate,2000.0,60.0,3312,-166.30825805664062,210.15640258789062,52.943572504094604,0.9937166143051193,1.0,0.004528985507246377
train_000119,POL AC12,135,135,seeg_ac_candidate,2000.0,60.0,3485,-190.72239685058594,210.6444091796875,57.27711754499852,0.9936582804856707,1.0,0.00430416068866571
train_000119,POL AC13,136,136,seeg_ac_candidate,2000.0,60.0,3391,-161.91354370117188,229.78546142578125,52.97909615587969,0.993524946041217,1.0,0.0044234739015039815
train_000119,POL AC14,137,137,seeg_ac_candidate,2000.0,60.0,3401,-162.01168823242188,234.472412109375,53.50287954522576,0.9933999449995417,1.0,0.004410467509556013
train_000119,POL AC15,138,138,seeg_ac_candidate,2000.0,60.0,5880,-527.2407836914062,506.2537536621094,72.05964257317147,0.9966083050692089,1.0,0.004421768707482994
train_000119,POL AC16,139,139,seeg_ac_candidate,2000.0,60.0,3613,-168.35850524902344,242.77403259277344,56.50456032146451,0.9934666122217685,1.0,0.004151674508718516
train_000128,POL DC01,36,36,auxiliary_dc,2000.0,60.0,3,-366.29998779296875,366.30029296875,72.4163051206905,0.06590888257402144,2.0,1.0
train_000128,POL DC02,37,37,auxiliary_dc,2000.0,60.0,3,-732.5999755859375,0.0,93.61251687871815,0.10520087667397228,2.0,1.0
train_000128,POL DC03,38,38,auxiliary_dc,2000.0,60.0,3,-732.5999755859375,0.0,36.83769106946696,0.018583488195734965,2.0,1.0
train_000128,POL DC04,39,39,auxiliary_dc,2000.0,60.0,3,-732.5999755859375,0.0,100.6900690131602,0.11985099875832299,2.0,1.0
train_000128,POL DC05,40,40,auxiliary_dc,2000.0,60.0,2,-366.29998779296875,0.0001500000071246177,170.5272514011883,0.3105359211326761,2.0,1.0
train_000128,POL DC06,41,41,auxiliary_dc,2000.0,60.0,3,-366.29998779296875,366.30029296875,100.72144278365037,0.11990099917499313,2.0,1.0
train_000128,POL DC07,42,42,auxiliary_dc,2000.0,60.0,3,-366.29998779296875,366.30029296875,80.34474993787055,0.07816731806098384,2.0,1.0
train_000128,POL DC08,43,43,auxiliary_dc,2000.0,60.0,2,-366.29998779296875,0.0001500000071246177,127.56844921888741,0.18313485945716215,2.0,1.0
train_000128,POL DC09,44,44,auxiliary_dc,2000.0,60.0,3,-732.5999755859375,0.0,35.633632354428784,0.017400145001208345,2.0,1.0
train_000128,POL DC10,45,45,auxiliary_dc,2000.0,60.0,3,-732.5999755859375,0.0,88.36275090269379,0.09521746014550121,2.0,1.0
train_000128,POL DC11,46,46,auxiliary_dc,2000.0,60.0,2,-366.29998779296875,0.0,182.57102971867752,0.3484362369686414,2.0,1.0
train_000128,POL DC12,47,47,auxiliary_dc,2000.0,60.0,3,-366.29998779296875,366.30029296875,35.541974596925776,0.017300144167868067,2.0,1.0
train_000128,POL DC13,48,48,auxiliary_dc,2000.0,60.0,3,-732.5999755859375,0.0,49.135368550447176,0.03155026291885766,2.0,1.0
train_000128,POL DC14,49,49,auxiliary_dc,2000.0,60.0,2,-366.29998779296875,0.0001500000071246177,173.3246992352455,0.31523596029966916,2.0,1.0
train_000128,POL DC15,50,50,auxiliary_dc,2000.0,60.0,2,-732.5999755859375,-366.29998779296875,143.9284930746277,0.23108525904382538,2.0,1.0
train_000128,POL DC16,51,51,auxiliary_dc,2000.0,60.0,3,-732.5999755859375,0.0,53.18278338217429,0.03673363944699539,2.0,1.0
train_000128,POL AC1,124,124,seeg_ac_candidate,2000.0,60.0,8724,-306.5426025390625,949.3162841796875,131.3728137463065,0.9935166126384386,1.0,0.0033241632278771206
train_000128,POL AC2,125,125,seeg_ac_candidate,2000.0,60.0,8759,-279.00384521484375,1046.3865966796875,137.7105752984078,0.9933249443745364,1.0,0.003310880237470031
train_000128,POL AC3,126,126,seeg_ac_candidate,2000.0,60.0,8304,-282.5190124511719,909.9606323242188,129.00302411966376,0.9937666147217894,1.0,0.004094412331406551
train_000128,POL AC4,127,127,seeg_ac_candidate,2000.0,60.0,8110,-271.9722900390625,857.3241577148438,121.72699296395538,0.9934832790273253,1.0,0.0033292231812577064
train_000128,POL AC5,128,128,seeg_ac_candidate,2000.0,60.0,7893,-284.08135986328125,805.2733764648438,116.48428832165479,0.9931166093050775,1.0,0.0044343088812872165
train_000128,POL AC6,129,129,seeg_ac_candidate,2000.0,60.0,7701,-284.4725036621094,765.13671875,111.53894948600463,0.9932832773606447,1.0,0.0036358914426697832
train_000128,POL AC7,130,130,seeg_ac_candidate,2000.0,60.0,7752,-291.4058837890625,756.0546264648438,109.74266957926712,0.9932832773606447,1.0,0.0030959752321981426
train_000128,POL AC8,131,131,seeg_ac_candidate,2000.0,60.0,8257,-334.5702209472656,859.8632202148438,119.90370634098474,0.993174943124526,1.0,0.004359937023131888
train_000128,POL AC9,132,132,seeg_ac_candidate,2000.0,60.0,8928,-416.01531982421875,962.5,133.15778050431186,0.9933582779856499,1.0,0.003360215053763441
train_000128,POL AC10,133,133,seeg_ac_candidate,2000.0,60.0,9229,-460.44891357421875,1008.2999877929688,137.17849188469006,0.9931832765273044,1.0,0.0041174558457037595
train_000128,POL AC11,134,134,seeg_ac_candidate,2000.0,60.0,9171,-479.49169921875,1016.406005859375,135.1422387045055,0.9935582796523305,1.0,0.003162141533093447
train_000128,POL AC12,135,135,seeg_ac_candidate,2000.0,60.0,8955,-352.53863525390625,1087.7919921875,139.16943553601237,0.9931166093050775,1.0,0.004355108877721943
train_000128,POL AC13,136,136,seeg_ac_candidate,2000.0,60.0,9289,-389.4524841308594,1166.698974609375,145.96092807161168,0.9938832823606863,1.0,0.0038755517278501453
train_000128,POL AC14,137,137,seeg_ac_candidate,2000.0,60.0,9710,-442.4802551269531,1256.8349609375,156.52685559056164,0.9934749456245469,1.0,0.004016477857878476
train_000128,POL AC15,138,138,seeg_ac_candidate,2000.0,60.0,8514,-438.08074951171875,884.182861328125,120.16879443693948,0.9970499754164618,1.0,0.0036410617805966643
train_000128,POL AC16,139,139,seeg_ac_candidate,2000.0,60.0,10580,-511.3270263671875,1476.269287109375,178.74462325783736,0.9933499445828715,1.0,0.003402646502835539
train_000160,POL DC01,36,36,auxiliary_dc,2000.0,60.0,3,-366.29998779296875,366.30029296875,84.86515361454424,0.0873673947282894,2.0,1.0
train_000160,POL DC02,37,37,auxiliary_dc,2000.0,60.0,3,-732.5999755859375,0.0,108.14642074081615,0.13681780681505679,2.0,1.0
train_000160,POL DC03,38,38,auxiliary_dc,2000.0,60.0,3,-732.5999755859375,0.0,38.45032591486999,0.02051683764031367,2.0,1.0
train_000160,POL DC04,39,39,auxiliary_dc,2000.0,60.0,3,-732.5999755859375,0.0,94.89140045680804,0.10680089000741673,2.0,1.0
train_000160,POL DC05,40,40,auxiliary_dc,2000.0,60.0,3,-366.29998779296875,366.30029296875,37.39746226289668,0.01895015791798265,2.0,1.0
train_000160,POL DC06,41,41,auxiliary_dc,2000.0,60.0,2,-366.29998779296875,0.0,181.6410680844899,0.34478620655172126,2.0,1.0
train_000160,POL DC07,42,42,auxiliary_dc,2000.0,60.0,3,-366.29998779296875,366.30029296875,165.3870419730634,0.2933441112009267,2.0,1.0
train_000160,POL DC08,43,43,auxiliary_dc,2000.0,60.0,2,-366.29998779296875,0.0,181.44580233503257,0.3438361986349886,2.0,1.0
train_000160,POL DC09,44,44,auxiliary_dc,2000.0,60.0,3,-732.5999755859375,0.0,42.295134462950045,0.024016866807223394,2.0,1.0
train_000160,POL DC10,45,45,auxiliary_dc,2000.0,60.0,2,-366.29998779296875,0.0,181.55225356582758,0.33919449328744405,2.0,1.0
train_000160,POL DC11,46,46,auxiliary_dc,2000.0,60.0,2,-366.29998779296875,0.0,163.2692864008023,0.289494079117326,2.0,1.0
train_000160,POL DC12,47,47,auxiliary_dc,2000.0,60.0,2,-366.29998779296875,0.0,176.27575989685187,0.3259943832865274,2.0,1.0
train_000160,POL DC13,48,48,auxiliary_dc,2000.0,60.0,3,-732.5999755859375,0.0,52.07415232131036,0.0355836298635822,2.0,1.0
train_000160,POL DC14,49,49,auxiliary_dc,2000.0,60.0,3,-366.29998779296875,366.30029296875,33.15215255126658,0.014883457362144685,2.0,1.0
train_000160,POL DC15,50,50,auxiliary_dc,2000.0,60.0,2,-366.29998779296875,0.0001500000071246177,179.08310456677938,0.33824448537071145,2.0,1.0
train_000160,POL DC16,51,51,auxiliary_dc,2000.0,60.0,3,-366.29998779296875,366.30029296875,111.6551528794156,0.14381786514887623,2.0,1.0
train_000160,POL AC1,147,147,seeg_ac_candidate,2000.0,60.0,3061,-129.1991424560547,223.82810974121094,50.084365976910654,0.9739664497204144,1.0,0.004900359359686377
train_000160,POL AC2,148,148,seeg_ac_candidate,2000.0,60.0,2585,-100.09742736816406,176.46481323242188,38.33338321934711,0.9723497695814132,1.0,0.005802707930367505
train_000160,POL AC3,149,149,seeg_ac_candidate,2000.0,60.0,2746,-111.22991943359375,194.0430145263672,40.88201668946497,0.9750747922899358,1.0,0.005462490895848507
train_000160,POL AC4,150,150,seeg_ac_candidate,2000.0,60.0,2479,-105.27327728271484,162.69532775878906,36.04163214242037,0.9686164051367094,1.0,0.0060508269463493344
train_000160,POL AC5,151,151,seeg_ac_candidate,2000.0,60.0,2483,-96.97212219238281,175.00006103515625,35.16062914835488,0.9696497470812256,1.0,0.006041079339508659
train_000160,POL AC6,152,152,seeg_ac_candidate,2000.0,60.0,2252,-98.43738555908203,141.01564025878906,33.37779941233664,0.9647913732614438,1.0,0.0066607460035523975
train_000160,POL AC7,153,153,seeg_ac_candidate,2000.0,60.0,2279,-107.71412658691406,136.816650390625,32.66173978796133,0.9657247143726198,1.0,0.006581834137779728
train_000160,POL AC8,154,154,seeg_ac_candidate,2000.0,60.0,2277,-111.42538452148438,132.61732482910156,33.93093943595561,0.9657080475670631,1.0,0.006587615283267457
train_000160,POL AC9,155,155,seeg_ac_candidate,2000.0,60.0,2237,-93.65188598632812,151.46498107910156,32.986501716936885,0.9649497079142326,1.0,0.006705409029950827
train_000160,POL AC10,156,156,seeg_ac_candidate,2000.0,60.0,2255,-86.13261413574219,158.59376525878906,31.672779839621263,0.964349702914191,1.0,0.0066518847006651885
train_000160,POL AC11,157,157,seeg_ac_candidate,2000.0,60.0,2184,-84.0815658569336,147.1681365966797,33.07802487536139,0.9638496987474896,1.0,0.006868131868131868
train_000160,POL AC12,158,158,seeg_ac_candidate,2000.0,60.0,2472,-115.72227478027344,150.19541931152344,38.46020042421059,0.9657913815948467,1.0,0.006067961165048544
train_000160,POL AC13,159,159,seeg_ac_candidate,2000.0,60.0,2599,-133.5929718017578,165.52764892578125,38.25595414237002,0.9683164026366886,1.0,0.005771450557906887
train_000160,POL AC14,160,160,seeg_ac_candidate,2000.0,60.0,2831,-154.19888305664062,167.28526306152344,42.29174017306544,0.9709330911090925,1.0,0.005298481102084069
train_000160,POL AC15,161,161,seeg_ac_candidate,2000.0,60.0,2238,-118.55416107177734,129.78536987304688,32.12663477184543,0.967508062567188,1.0,0.006702412868632708
train_000160,POL AC16,162,162,seeg_ac_candidate,2000.0,60.0,1251,-45.507354736328125,83.69157409667969,18.875134769890014,0.9623496862473854,1.0,0.011990407673860911
train_000171,POL DC01,36,36,auxiliary_dc,2000.0,60.0,3,-366.29998779296875,366.30029296875,86.27644800908337,0.0920591004925041,2.0,1.0
train_000171,POL DC02,37,37,auxiliary_dc,2000.0,60.0,3,-732.5999755859375,0.0,115.55006834655123,0.15401795014958458,2.0,1.0
train_000171,POL DC03,38,38,auxiliary_dc,2000.0,60.0,3,-732.5999755859375,0.0,41.88515918362685,0.02331686097384145,2.0,1.0
train_000171,POL DC04,39,39,auxiliary_dc,2000.0,60.0,3,-732.5999755859375,0.0,91.4356381032265,0.1007341727847732,2.0,1.0
train_000171,POL DC05,40,40,auxiliary_dc,2000.0,60.0,3,-366.29998779296875,366.30029296875,38.93751827032704,0.02041683680697339,2.0,1.0
train_000171,POL DC06,41,41,auxiliary_dc,2000.0,60.0,2,-366.29998779296875,0.0,177.10651244188807,0.3309527579396495,2.0,1.0
train_000171,POL DC07,42,42,auxiliary_dc,2000.0,60.0,3,-366.29998779296875,366.30029296875,171.56544521107674,0.3115442628688572,2.0,1.0
train_000171,POL DC08,43,43,auxiliary_dc,2000.0,60.0,2,-366.29998779296875,0.0,177.08397244331786,0.32880274002283355,2.0,1.0
train_000171,POL DC09,44,44,auxiliary_dc,2000.0,60.0,3,-732.5999755859375,0.0,40.74586346138963,0.022583521529346076,2.0,1.0
train_000171,POL DC10,45,45,auxiliary_dc,2000.0,60.0,2,-366.29998779296875,0.0,183.13572287802464,0.3510029250243752,2.0,1.0
train_000171,POL DC11,46,46,auxiliary_dc,2000.0,60.0,2,-366.29998779296875,0.0,172.75516647940594,0.31692764106367555,2.0,1.0
train_000171,POL DC12,47,47,auxiliary_dc,2000.0,60.0,2,-366.29998779296875,0.0,173.94124224882108,0.32350269585579877,2.0,1.0
train_000171,POL DC13,48,48,auxiliary_dc,2000.0,60.0,3,-732.5999755859375,0.0,50.923713229672174,0.033716947641230344,2.0,1.0
train_000171,POL DC14,49,49,auxiliary_dc,2000.0,60.0,3,-366.29998779296875,366.30029296875,41.9885612982195,0.020150167918065984,2.0,1.0
train_000171,POL DC15,50,50,auxiliary_dc,2000.0,60.0,2,-366.29998779296875,0.0001500000071246177,182.16645295620393,0.34525287710730923,2.0,1.0
train_000171,POL DC16,51,51,auxiliary_dc,2000.0,60.0,2,-366.29998779296875,0.0001500000071246177,146.3916941276851,0.23490195751631263,2.0,1.0
train_000171,POL AC1,147,147,seeg_ac_candidate,2000.0,60.0,4603,-279.7850341796875,271.0937194824219,80.32362546373382,0.9771914765956383,1.0,0.00325874429719748
train_000171,POL AC2,148,148,seeg_ac_candidate,2000.0,60.0,3072,-175.58563232421875,197.75384521484375,48.42227220098394,0.9760248002066684,1.0,0.0048828125
train_000171,POL AC3,149,149,seeg_ac_candidate,2000.0,60.0,3002,-230.46800231933594,155.07823181152344,51.80033543576307,0.9782081517345977,1.0,0.004996668887408394
train_000171,POL AC4,150,150,seeg_ac_candidate,2000.0,60.0,2632,-201.07400512695312,134.08206176757812,41.10575474195807,0.9734414453453779,1.0,0.0056990881458966565
train_000171,POL AC5,151,151,seeg_ac_candidate,2000.0,60.0,2924,-229.49142456054688,131.93373107910156,50.417697881663756,0.9727247727064392,1.0,0.005129958960328317
train_000171,POL AC6,152,152,seeg_ac_candidate,2000.0,60.0,2585,-207.91000366210938,148.92579650878906,40.67682449384638,0.9693914115950967,1.0,0.005802707930367505
train_000171,POL AC7,153,153,seeg_ac_candidate,2000.0,60.0,3083,-237.79200744628906,167.96893310546875,48.69429832300194,0.9709164243035359,1.0,0.004865390853065196
train_000171,POL AC8,154,154,seeg_ac_candidate,2000.0,60.0,2916,-238.7689971923828,184.0821075439453,41.74341921746005,0.9706914224285202,1.0,0.0051440329218107
train_000171,POL AC9,155,155,seeg_ac_candidate,2000.0,60.0,2733,-204.00331115722656,177.92979431152344,39.04246536646963,0.970124751039592,1.0,0.005488474204171241
train_000171,POL AC10,156,156,seeg_ac_candidate,2000.0,60.0,2555,-182.42160034179688,176.171875,34.14812753794764,0.9700247502062517,1.0,0.005870841487279843
train_000171,POL AC11,157,157,seeg_ac_candidate,2000.0,60.0,2819,-170.01895141601562,195.31260681152344,42.04832507490483,0.9702497520812673,1.0,0.005321035828307911
train_000171,POL AC12,158,158,seeg_ac_candidate,2000.0,60.0,2879,-192.38235473632812,202.05084228515625,41.874103177626566,0.9714997624980208,1.0,0.005210142410559222
train_000171,POL AC13,159,159,seeg_ac_candidate,2000.0,60.0,3118,-220.50689697265625,237.0119171142578,42.04918997299518,0.9725997716647639,1.0,0.004810776138550353
train_000171,POL AC14,160,160,seeg_ac_candidate,2000.0,60.0,3509,-241.30819702148438,277.6367492675781,47.67886044957045,0.9748081234010283,1.0,0.004274722143060701
train_000171,POL AC15,161,161,seeg_ac_candidate,2000.0,60.0,2993,-201.56187438964844,215.82041931152344,37.86013558378057,0.9727581063175527,1.0,0.005011693952555964
train_000171,POL AC16,162,162,seeg_ac_candidate,2000.0,60.0,1834,-108.10487365722656,163.67185974121094,20.654524299175897,0.9671080592338269,1.0,0.008178844056706653
train_000200,POL DC01,36,36,auxiliary_dc,2000.0,60.0,3,-366.29998779296875,366.30029296875,81.2054715922424,0.08105900882507354,2.0,1.0
train_000200,POL DC02,37,37,auxiliary_dc,2000.0,60.0,3,-732.5999755859375,0.0,109.16976951057231,0.13893449112075934,2.0,1.0
train_000200,POL DC03,38,38,auxiliary_dc,2000.0,60.0,3,-732.5999755859375,0.0,40.58880820991185,0.022666855557129644,2.0,1.0
train_000200,POL DC04,39,39,auxiliary_dc,2000.0,60.0,3,-732.5999755859375,0.0,86.66561459923932,0.09131742764523038,2.0,1.0
train_000200,POL DC05,40,40,auxiliary_dc,2000.0,60.0,3,-366.29998779296875,366.30029296875,37.680161023364256,0.019300160834673622,2.0,1.0
train_000200,POL DC06,41,41,auxiliary_dc,2000.0,60.0,2,-366.29998779296875,0.0,181.2831086135111,0.3450945424545205,2.0,1.0
train_000200,POL DC07,42,42,auxiliary_dc,2000.0,60.0,3,-366.29998779296875,366.30029296875,167.06328463583955,0.3011025091875766,2.0,1.0
train_000200,POL DC08,43,43,auxiliary_dc,2000.0,60.0,2,-366.29998779296875,0.0,181.92248357079916,0.34812790106584224,2.0,1.0
train_000200,POL DC09,44,44,auxiliary_dc,2000.0,60.0,3,-732.5999755859375,0.0,40.53326227313968,0.02243352027933566,2.0,1.0
train_000200,POL DC10,45,45,auxiliary_dc,2000.0,60.0,2,-366.29998779296875,0.0,183.05891354942665,0.34854457120476,2.0,1.0
train_000200,POL DC11,46,46,auxiliary_dc,2000.0,60.0,2,-366.29998779296875,0.0,168.02310580067734,0.30225251877098974,2.0,1.0
train_000200,POL DC12,47,47,auxiliary_dc,2000.0,60.0,2,-366.29998779296875,0.0,174.22662942348458,0.31979433161943016,2.0,1.0
train_000200,POL DC13,48,48,auxiliary_dc,2000.0,60.0,3,-732.5999755859375,0.0,49.529190143124566,0.0322502687522396,2.0,1.0
train_000200,POL DC14,49,49,auxiliary_dc,2000.0,60.0,3,-366.29998779296875,366.30029296875,35.82736631500485,0.016666805556712974,2.0,1.0
train_000200,POL DC15,50,50,auxiliary_dc,2000.0,60.0,2,-366.29998779296875,0.0001500000071246177,181.08531150588135,0.34331119425995216,2.0,1.0
train_000200,POL DC16,51,51,auxiliary_dc,2000.0,60.0,3,-366.29998779296875,366.30029296875,119.28089499797547,0.16026800223335194,2.0,1.0
train_000200,POL AC1,147,147,seeg_ac_candidate,2000.0,60.0,2990,-151.07412719726562,172.94921875,48.61583943383308,0.9737081142342853,1.0,0.005016722408026756
train_000200,POL AC2,148,148,seeg_ac_candidate,2000.0,60.0,2615,-120.40990447998047,176.46481323242188,39.131783605994954,0.9722081017341812,1.0,0.0057361376673040155
train_000200,POL AC3,149,149,seeg_ac_candidate,2000.0,60.0,2836,-111.22991943359375,194.0430145263672,45.642635721951706,0.9754997958316319,1.0,0.005289139633286318
train_000200,POL AC4,150,150,seeg_ac_candidate,2000.0,60.0,2514,-105.27327728271484,162.69532775878906,39.48693789686054,0.9687247393728281,1.0,0.0059665871121718375
train_000200,POL AC5,151,151,seeg_ac_candidate,2000.0,60.0,2508,-96.97212219238281,175.00006103515625,39.22699482291714,0.9692080767339728,1.0,0.005980861244019139
train_000200,POL AC6,152,152,seeg_ac_candidate,2000.0,60.0,2156,-80.07801818847656,141.01564025878906,30.814371859470267,0.9652663772198101,1.0,0.006957328385899814
train_000200,POL AC7,153,153,seeg_ac_candidate,2000.0,60.0,2312,-114.354736328125,136.816650390625,32.64581806759636,0.9661497179143159,1.0,0.006487889273356401
train_000200,POL AC8,154,154,seeg_ac_candidate,2000.0,60.0,2304,-111.42538452148438,135.15638732910156,34.77554857412503,0.9664913874282286,1.0,0.006510416666666667
train_000200,POL AC9,155,155,seeg_ac_candidate,2000.0,60.0,2062,-93.65188598632812,121.97283935546875,29.561295844943164,0.9650330419420162,1.0,0.0072744907856450046
train_000200,POL AC10,156,156,seeg_ac_candidate,2000.0,60.0,2206,-86.13261413574219,158.59376525878906,31.304343007112788,0.9655080459003825,1.0,0.006799637352674524
train_000200,POL AC11,157,157,seeg_ac_candidate,2000.0,60.0,2131,-84.0815658569336,147.1681365966797,31.97592338752757,0.9644997041642014,1.0,0.0070389488503050214
train_000200,POL AC12,158,158,seeg_ac_candidate,2000.0,60.0,2394,-115.72227478027344,150.19541931152344,36.343421337380825,0.9658163818031817,1.0,0.006265664160401002
train_000200,POL AC13,159,159,seeg_ac_candidate,2000.0,60.0,2594,-129.68673706054688,165.52764892578125,38.50067127922891,0.9690830756922975,1.0,0.005782575173477255
train_000200,POL AC14,160,160,seeg_ac_candidate,2000.0,60.0,2794,-147.55825805664062,167.28526306152344,42.078561744021464,0.9707830898590821,1.0,0.005368647100930566
train_000200,POL AC15,161,161,seeg_ac_candidate,2000.0,60.0,2321,-118.55416107177734,141.0158233642578,33.267884008655855,0.9684580704839207,1.0,0.006462731581214994
train_000200,POL AC16,162,162,seeg_ac_candidate,2000.0,60.0,1216,-45.507354736328125,85.25406646728516,17.995405201860383,0.9620746839556996,1.0,0.012335526315789474
train_000205,POL DC01,36,36,auxiliary_dc,1999.9999999999998,60.00000000000001,2,-366.29998779296875,0.0001500000071246177,156.08418086980703,0.26035216960141333,2.0,1.0
train_000205,POL DC02,37,37,auxiliary_dc,1999.9999999999998,60.00000000000001,3,-732.5999755859375,0.0,37.2335212664854,0.01880015666797223,2.0,1.0
train_000205,POL DC03,38,38,auxiliary_dc,1999.9999999999998,60.00000000000001,3,-732.5999755859375,0.0,175.6916686884123,0.3266777223143526,2.0,1.0
train_000205,POL DC04,39,39,auxiliary_dc,1999.9999999999998,60.00000000000001,2,-366.29998779296875,0.0,143.2420396482508,0.22981858182151518,2.0,1.0
train_000205,POL DC05,40,40,auxiliary_dc,1999.9999999999998,60.00000000000001,3,-732.5999755859375,0.0,99.72025779689731,0.11735097792481604,2.0,1.0
train_000205,POL DC06,41,41,auxiliary_dc,1999.9999999999998,60.00000000000001,3,-732.5999755859375,0.0,35.37127495670812,0.017066808890074083,2.0,1.0
train_000205,POL DC07,42,42,auxiliary_dc,1999.9999999999998,60.00000000000001,3,-366.29998779296875,366.30029296875,37.013692967216464,0.018516820973508114,2.0,1.0
train_000205,POL DC08,43,43,auxiliary_dc,1999.9999999999998,60.00000000000001,3,-732.5999755859375,0.0,89.43397029191424,0.09631746931224427,2.0,1.0
train_000205,POL DC09,44,44,auxiliary_dc,1999.9999999999998,60.00000000000001,3,-732.5999755859375,0.0,47.96824943213344,0.029950249585413213,2.0,1.0
train_000205,POL DC10,45,45,auxiliary_dc,1999.9999999999998,60.00000000000001,3,-732.5999755859375,0.0,36.1382243881574,0.017583479862332187,2.0,1.0
train_000205,POL DC11,46,46,auxiliary_dc,1999.9999999999998,60.00000000000001,3,-366.29998779296875,366.30029296875,138.7103178781758,0.21201010008416737,2.0,1.0
train_000205,POL DC12,47,47,auxiliary_dc,1999.9999999999998,60.00000000000001,3,-732.5999755859375,0.0,123.42775076123503,0.17475978966491387,2.0,1.0
train_000205,POL DC13,48,48,auxiliary_dc,1999.9999999999998,60.00000000000001,3,-732.5999755859375,0.0,57.30552260878528,0.041867015558462985,2.0,1.0
train_000205,POL DC14,49,49,auxiliary_dc,1999.9999999999998,60.00000000000001,2,-366.29998779296875,0.0001500000071246177,170.24565079800902,0.308219235160293,2.0,1.0
train_000205,POL DC15,50,50,auxiliary_dc,1999.9999999999998,60.00000000000001,2,-366.29998779296875,0.0,180.99456551380584,0.34249452078767323,2.0,1.0
train_000205,POL DC16,51,51,auxiliary_dc,1999.9999999999998,60.00000000000001,2,-366.29998779296875,0.0001500000071246177,158.55088169254924,0.2675855632130268,2.0,1.0
train_000211,POL DC01,36,36,auxiliary_dc,2000.0,60.0,3,-732.5999755859375,0.0,63.58247167083142,0.0511337594479954,2.0,1.0
train_000211,POL DC02,37,37,auxiliary_dc,2000.0,60.0,2,-366.29998779296875,0.0,182.62029071501274,0.3498029150242919,2.0,1.0
train_000211,POL DC03,38,38,auxiliary_dc,2000.0,60.0,3,-366.29998779296875,366.30029296875,126.44104696672778,0.1805931716097634,2.0,1.0
train_000211,POL DC04,39,39,auxiliary_dc,2000.0,60.0,3,-366.29998779296875,366.30029296875,150.23694952872202,0.24736039466995557,2.0,1.0
train_000211,POL DC05,40,40,auxiliary_dc,2000.0,60.0,2,-366.29998779296875,0.0,180.57075581674994,0.34327786064883875,2.0,1.0
train_000211,POL DC06,41,41,auxiliary_dc,2000.0,60.0,3,-732.5999755859375,0.0,150.77567445928506,0.24710205918382652,2.0,1.0
train_000211,POL DC07,42,42,auxiliary_dc,2000.0,60.0,2,-732.5999755859375,-366.29998779296875,182.20754560991787,0.34886957391311596,2.0,1.0
train_000211,POL DC08,43,43,auxiliary_dc,2000.0,60.0,3,-366.29998779296875,366.30029296875,165.7829350144331,0.29515245960383,2.0,1.0
train_000211,POL DC09,44,44,auxiliary_dc,2000.0,60.0,2,-366.29998779296875,0.0,176.66067511121582,0.32805273377278144,2.0,1.0
train_000211,POL DC10,45,45,auxiliary_dc,2000.0,60.0,3,-732.5999755859375,0.0,39.99974610490747,0.022116850973758116,2.0,1.0
train_000211,POL DC11,46,46,auxiliary_dc,2000.0,60.0,3,-732.5999755859375,0.0,73.92087032543526,0.06755056292135768,2.0,1.0
train_000211,POL DC12,47,47,auxiliary_dc,2000.0,60.0,3,-732.5999755859375,0.0,88.01807098855652,0.0935341127842732,2.0,1.0
train_000211,POL DC13,48,48,auxiliary_dc,2000.0,60.0,3,-732.5999755859375,0.0,40.5187281958877,0.02208351736264469,2.0,1.0
train_000211,POL DC14,49,49,auxiliary_dc,2000.0,60.0,3,-732.5999755859375,0.0,123.44448592073549,0.17396811640097,2.0,1.0
train_000211,POL DC15,50,50,auxiliary_dc,2000.0,60.0,3,-732.5999755859375,0.0,146.20228526690008,0.23425195209960084,2.0,1.0
train_000211,POL DC16,51,51,auxiliary_dc,2000.0,60.0,2,-366.29998779296875,0.0,163.62578451749172,0.2866523887699064,2.0,1.0
train_000211,POL AC1,147,147,seeg_ac_candidate,2000.0,60.0,1098,-153.12460327148438,357.8126525878906,53.849533639021026,0.9081575679797331,1.0,0.00273224043715847
train_000211,POL AC2,148,148,seeg_ac_candidate,2000.0,60.0,1032,-140.62449645996094,297.6564025878906,48.859998727976176,0.9059575496462471,1.0,0.0029069767441860465
train_000211,POL AC3,149,149,seeg_ac_candidate,2000.0,60.0,987,-180.85903930664062,219.92193603515625,52.60007270503884,0.9113825948549571,1.0,0.00303951367781155
train_000211,POL AC4,150,150,seeg_ac_candidate,2000.0,60.0,857,-144.53091430664062,205.4688720703125,42.692110521433854,0.8927824398536655,1.0,0.003500583430571762
train_000211,POL AC5,151,151,seeg_ac_candidate,2000.0,60.0,856,-132.42137145996094,206.2501678466797,45.30084242818073,0.8939074492287435,1.0,0.0035046728971962616
train_000211,POL AC6,152,152,seeg_ac_candidate,2000.0,60.0,776,-140.62490844726562,170.31253051757812,42.2350684901535,0.8839573663113859,1.0,0.003865979381443299
train_000211,POL AC7,153,153,seeg_ac_candidate,2000.0,60.0,884,-147.6560516357422,228.1250457763672,41.53168669687384,0.8879490662422187,1.0,0.003393665158371041
train_000211,POL AC8,154,154,seeg_ac_candidate,2000.0,60.0,924,-159.76564025878906,247.65621948242188,46.667259544646306,0.8862157184643206,1.0,0.003246753246753247
train_000211,POL AC9,155,155,seeg_ac_candidate,2000.0,60.0,847,-147.6556396484375,210.15640258789062,40.75963238402709,0.8823406861723848,1.0,0.0035419126328217238
train_000211,POL AC10,156,156,seeg_ac_candidate,2000.0,60.0,827,-135.93740844726562,200.39060974121094,40.22508907757855,0.8824573538112818,1.0,0.0036275695284159614
train_000211,POL AC11,157,157,seeg_ac_candidate,2000.0,60.0,834,-140.62490844726562,191.015625,41.930004323971815,0.8830823590196585,1.0,0.0035971223021582736
train_000211,POL AC12,158,158,seeg_ac_candidate,2000.0,60.0,888,-185.93728637695312,181.6406707763672,42.73443913706583,0.8882324019366828,1.0,0.0033783783783783786
train_000211,POL AC13,159,159,seeg_ac_candidate,2000.0,60.0,979,-186.71835327148438,230.46881103515625,43.23794761295268,0.8936574471453929,1.0,0.0030643513789581204
train_000211,POL AC14,160,160,seeg_ac_candidate,2000.0,60.0,1145,-205.85894775390625,310.5469665527344,48.96715497448852,0.9035908632571938,1.0,0.0026200873362445414
train_000211,POL AC15,161,161,seeg_ac_candidate,2000.0,60.0,980,-173.4370880126953,291.7969665527344,41.743764451635094,0.8987158226318552,1.0,0.003061224489795918
train_000211,POL AC16,162,162,seeg_ac_candidate,2000.0,60.0,444,-76.95248413085938,102.34397888183594,23.586482026498064,0.8746739556162968,1.0,0.006756756756756757
train_000231,POL DC01,36,36,auxiliary_dc,2000.0,60.0,3,-366.29998779296875,366.30029296875,82.60116748791759,0.08321736014466788,2.0,1.0
train_000231,POL DC02,37,37,auxiliary_dc,2000.0,60.0,3,-732.5999755859375,0.0,97.13862202598872,0.11251760431336928,2.0,1.0
train_000231,POL DC03,38,38,auxiliary_dc,2000.0,60.0,3,-732.5999755859375,0.0,36.89636366965892,0.018533487779064824,2.0,1.0
train_000231,POL DC04,39,39,auxiliary_dc,2000.0,60.0,3,-732.5999755859375,0.0,87.61904763199841,0.0918674322286019,2.0,1.0
train_000231,POL DC05,40,40,auxiliary_dc,2000.0,60.0,2,-366.29998779296875,0.0,183.14515826580893,0.35051958766323055,2.0,1.0
train_000231,POL DC06,41,41,auxiliary_dc,2000.0,60.0,3,-366.29998779296875,366.30029296875,71.51867368245091,0.06368386403220026,2.0,1.0
train_000231,POL DC07,42,42,auxiliary_dc,2000.0,60.0,3,-366.29998779296875,366.30029296875,125.5002344512894,0.1770681422345186,2.0,1.0
train_000231,POL DC08,43,43,auxiliary_dc,2000.0,60.0,3,-366.29998779296875,366.30029296875,114.78357271307127,0.15090959091325762,2.0,1.0
train_000231,POL DC09,44,44,auxiliary_dc,2000.0,60.0,3,-732.5999755859375,0.0,43.98690440652314,0.02591688264068867,2.0,1.0
train_000231,POL DC10,45,45,auxiliary_dc,2000.0,60.0,3,-732.5999755859375,0.0,93.0018644561269,0.10286752389603247,2.0,1.0
train_000231,POL DC11,46,46,auxiliary_dc,2000.0,60.0,2,-366.29998779296875,0.0,171.08704451486554,0.3055192126601055,2.0,1.0
train_000231,POL DC12,47,47,auxiliary_dc,2000.0,60.0,3,-366.29998779296875,366.30029296875,41.82868417693855,0.02345852882107351,2.0,1.0
train_000231,POL DC13,48,48,auxiliary_dc,2000.0,60.0,3,-732.5999755859375,0.0,57.45297728834935,0.04218368486404053,2.0,1.0
train_000231,POL DC14,49,49,auxiliary_dc,2000.0,60.0,2,-366.29998779296875,0.0,179.60918010596032,0.3387361561346345,2.0,1.0
train_000231,POL DC15,50,50,auxiliary_dc,2000.0,60.0,2,-732.5999755859375,-366.29998779296875,154.02542762007204,0.2597521646013717,2.0,1.0
train_000231,POL DC16,51,51,auxiliary_dc,2000.0,60.0,3,-732.5999755859375,0.0,47.2759516487567,0.02933357777981483,2.0,1.0
train_000231,POL AC1,124,124,seeg_ac_candidate,2000.0,60.0,4617,-212.20709228515625,340.5271911621094,78.4861301771274,0.9946916224301869,1.0,0.003248862897985705
train_000231,POL AC2,125,125,seeg_ac_candidate,2000.0,60.0,4260,-200.97628784179688,293.7499694824219,73.07621638039642,0.9943249527079392,1.0,0.0035211267605633804
train_000231,POL AC3,126,126,seeg_ac_candidate,2000.0,60.0,4140,-188.8667449951172,285.2539978027344,70.84179919626868,0.9941916182634856,1.0,0.0036231884057971015
train_000231,POL AC4,127,127,seeg_ac_candidate,2000.0,60.0,4007,-171.4840087890625,285.1564636230469,69.35611253856655,0.9943916199301661,1.0,0.003743448964312453
train_000231,POL AC5,128,128,seeg_ac_candidate,2000.0,60.0,3995,-180.76112365722656,271.8753356933594,68.74536374660707,0.993899949166243,1.0,0.0037546933667083854
train_000231,POL AC6,129,129,seeg_ac_candidate,2000.0,60.0,3928,-177.73406982421875,267.96893310546875,67.8176487423048,0.9942166184718206,1.0,0.0038187372708757637
train_000231,POL AC7,130,130,seeg_ac_candidate,2000.0,60.0,3986,-178.3201446533203,269.33599853515625,67.87645140594634,0.9939582829856916,1.0,0.003763171098845961
train_000231,POL AC8,131,131,seeg_ac_candidate,2000.0,60.0,4027,-185.5467987060547,276.65985107421875,69.4876981808221,0.9943582863190527,1.0,0.003724857213806804
train_000231,POL AC9,132,132,seeg_ac_candidate,2000.0,60.0,4338,-218.0659637451172,285.35174560546875,72.3503056342582,0.9941832848607072,1.0,0.003457814661134163
train_000231,POL AC10,133,133,seeg_ac_candidate,2000.0,60.0,4178,-205.46841430664062,281.0546875,72.22525911594232,0.9942999524996041,1.0,0.0035902345619913834
train_000231,POL AC11,134,134,seeg_ac_candidate,2000.0,60.0,4250,-191.6990203857422,283.3984680175781,72.62286626344775,0.994274952291269,1.0,0.0035294117647058825
train_000231,POL AC12,135,135,seeg_ac_candidate,2000.0,60.0,4481,-216.21078491210938,283.30072021484375,77.42741635366401,0.9942999524996041,1.0,0.003347467083240348
train_000231,POL AC13,136,136,seeg_ac_candidate,2000.0,60.0,4405,-213.57418823242188,299.5115661621094,75.49035026326005,0.9937916149301245,1.0,0.00340522133938706
train_000231,POL AC14,137,137,seeg_ac_candidate,2000.0,60.0,4423,-211.230712890625,312.49957275390625,75.35108786630903,0.9939332827773565,1.0,0.003391363328057879
train_000231,POL AC15,138,138,seeg_ac_candidate,2000.0,60.0,11742,-1496.97119140625,771.6802978515625,196.758076335115,0.9968416403470028,1.0,0.0039175608925225685
train_000231,POL AC16,139,139,seeg_ac_candidate,2000.0,60.0,4757,-214.54754638671875,371.9747009277344,79.58816350765008,0.9944166201385012,1.0,0.0033634643682993485
train_000250,POL DC01,36,36,auxiliary_dc,2000.0,60.0,3,-366.29998779296875,366.30029296875,75.72280233303373,0.07128392736606139,2.0,1.0
train_000250,POL DC02,37,37,auxiliary_dc,2000.0,60.0,3,-732.5999755859375,0.0,118.34412588205704,0.1600680005666714,2.0,1.0
train_000250,POL DC03,38,38,auxiliary_dc,2000.0,60.0,3,-732.5999755859375,0.0,34.58394337996389,0.016416803473362277,2.0,1.0
train_000250,POL DC04,39,39,auxiliary_dc,2000.0,60.0,3,-732.5999755859375,0.0,81.45926988181108,0.08005066708889241,2.0,1.0
train_000250,POL DC05,40,40,auxiliary_dc,2000.0,60.0,2,-366.29998779296875,0.0001500000071246177,182.66319944589648,0.34494454120451,2.0,1.0
train_000250,POL DC06,41,41,auxiliary_dc,2000.0,60.0,3,-366.29998779296875,366.30029296875,102.39048059954628,0.12440103667530562,2.0,1.0
train_000250,POL DC07,42,42,auxiliary_dc,2000.0,60.0,3,-366.29998779296875,366.30029296875,119.79412783266372,0.16498470820590172,2.0,1.0
train_000250,POL DC08,43,43,auxiliary_dc,2000.0,60.0,2,-366.29998779296875,0.0001500000071246177,144.4497351725208,0.23038525321044342,2.0,1.0
train_000250,POL DC09,44,44,auxiliary_dc,2000.0,60.0,3,-732.5999755859375,0.0,35.999108019772635,0.017733481112342603,2.0,1.0
train_000250,POL DC10,45,45,auxiliary_dc,2000.0,60.0,3,-732.5999755859375,0.0,101.61283419520474,0.12221768514737623,2.0,1.0
train_000250,POL DC11,46,46,auxiliary_dc,2000.0,60.0,3,-732.5999755859375,0.0,182.94631346670505,0.3462362186351553,2.0,1.0
train_000250,POL DC12,47,47,auxiliary_dc,2000.0,60.0,3,-366.29998779296875,366.30029296875,35.68932301861789,0.017708480904007534,2.0,1.0
train_000250,POL DC13,48,48,auxiliary_dc,2000.0,60.0,3,-732.5999755859375,0.0,56.712259488661985,0.04115034291952433,2.0,1.0
train_000250,POL DC14,49,49,auxiliary_dc,2000.0,60.0,2,-366.29998779296875,0.0001500000071246177,182.38596974400514,0.34680289002408354,2.0,1.0
train_000250,POL DC15,50,50,auxiliary_dc,2000.0,60.0,2,-732.5999755859375,-366.29998779296875,141.14837571478006,0.2222518520987675,2.0,1.0
train_000250,POL DC16,51,51,auxiliary_dc,2000.0,60.0,3,-732.5999755859375,0.0,52.599134968911194,0.03645030375253127,2.0,1.0
train_000250,POL AC1,124,124,seeg_ac_candidate,2000.0,60.0,3861,-199.31607055664062,261.3282775878906,57.20446427496144,0.993641613680114,1.0,0.003885003885003885
train_000250,POL AC2,125,125,seeg_ac_candidate,2000.0,60.0,3644,-170.3124542236328,246.58200073242188,54.05462048097705,0.9935582796523305,1.0,0.00411635565312843
train_000250,POL AC3,126,126,seeg_ac_candidate,2000.0,60.0,3419,-175.19485473632812,207.61737060546875,49.99581511811388,0.993758281319011,1.0,0.004387247733255338
train_000250,POL AC4,127,127,seeg_ac_candidate,2000.0,60.0,3359,-159.96063232421875,219.33612060546875,48.902242429685494,0.9940416170134752,1.0,0.004465614766299494
train_000250,POL AC5,128,128,seeg_ac_candidate,2000.0,60.0,3291,-158.88612365722656,205.95738220214844,47.767319263025264,0.9937332811106759,1.0,0.004557885141294439
train_000250,POL AC6,129,129,seeg_ac_candidate,2000.0,60.0,3312,-167.57798767089844,197.1680450439453,48.07152234566117,0.9937332811106759,1.0,0.004528985507246377
train_000250,POL AC7,130,130,seeg_ac_candidate,2000.0,60.0,3299,-167.87078857421875,194.62905883789062,47.91832597024507,0.99340827840232,1.0,0.004546832373446499
train_000250,POL AC8,131,131,seeg_ac_candidate,2000.0,60.0,3385,-170.6053924560547,211.32814025878906,49.304912473015136,0.993758281319011,1.0,0.004431314623338257
train_000250,POL AC9,132,132,seeg_ac_candidate,2000.0,60.0,3548,-198.437255859375,204.6876678466797,53.06643434269004,0.994249952082934,1.0,0.004227733934611048
train_000250,POL AC10,133,133,seeg_ac_candidate,2000.0,60.0,3554,-175.6835174560547,238.28103637695312,52.32852149349142,0.9936582804856707,1.0,0.004220596510973551
train_000250,POL AC11,134,134,seeg_ac_candidate,2000.0,60.0,3689,-166.30825805664062,261.7188720703125,57.59077859591685,0.9938916157634647,1.0,0.004066142586066685
train_000250,POL AC12,135,135,seeg_ac_candidate,2000.0,60.0,4032,-230.95672607421875,210.6444091796875,66.26047233147398,0.9935582796523305,1.0,0.003720238095238095
train_000250,POL AC13,136,136,seeg_ac_candidate,2000.0,60.0,3702,-180.95651245117188,230.0784149169922,56.10107698237754,0.9936832806940058,1.0,0.004051863857374392
train_000250,POL AC14,137,137,seeg_ac_candidate,2000.0,60.0,3735,-180.5663604736328,250.39036560058594,56.259131347726075,0.9932666105550879,1.0,0.004016064257028112
train_000250,POL AC15,138,138,seeg_ac_candidate,2000.0,60.0,3312,-163.9600830078125,246.19554138183594,52.18759058053506,0.9966833056942141,1.0,0.004528985507246377
train_000250,POL AC16,139,139,seeg_ac_candidate,2000.0,60.0,3876,-174.02256774902344,297.36383056640625,58.53158089389305,0.9934666122217685,1.0,0.003869969040247678
train_000260,POL DC01,36,36,auxiliary_dc,2000.0,60.0,3,-366.29998779296875,366.30029296875,85.72172489890438,0.08936741139509496,2.0,1.0
train_000260,POL DC02,37,37,auxiliary_dc,2000.0,60.0,3,-732.5999755859375,0.0,110.0932701675293,0.1414345119542663,2.0,1.0
train_000260,POL DC03,38,38,auxiliary_dc,2000.0,60.0,3,-732.5999755859375,0.0,36.91881597890409,0.01883349027908566,2.0,1.0
train_000260,POL DC04,39,39,auxiliary_dc,2000.0,60.0,3,-732.5999755859375,0.0,99.0301708322842,0.1155009625080209,2.0,1.0
train_000260,POL DC05,40,40,auxiliary_dc,2000.0,60.0,3,-366.29998779296875,366.30029296875,37.03902439891425,0.018700155834631957,2.0,1.0
train_000260,POL DC06,41,41,auxiliary_dc,2000.0,60.0,2,-366.29998779296875,0.0,180.07867709540142,0.33801115009291743,2.0,1.0
train_000260,POL DC07,42,42,auxiliary_dc,2000.0,60.0,3,-366.29998779296875,366.30029296875,164.9634137719692,0.2916940974508121,2.0,1.0
train_000260,POL DC08,43,43,auxiliary_dc,2000.0,60.0,2,-366.29998779296875,0.0,180.46772416590616,0.34059450495420796,2.0,1.0
train_000260,POL DC09,44,44,auxiliary_dc,2000.0,60.0,3,-732.5999755859375,0.0,42.88968955286952,0.024850207085059042,2.0,1.0
train_000260,POL DC10,45,45,auxiliary_dc,2000.0,60.0,2,-366.29998779296875,0.0,179.83026967898036,0.33669447245393713,2.0,1.0
train_000260,POL DC11,46,46,auxiliary_dc,2000.0,60.0,2,-366.29998779296875,0.0,162.7549248397013,0.28781073175609795,2.0,1.0
train_000260,POL DC12,47,47,auxiliary_dc,2000.0,60.0,2,-366.29998779296875,0.0,177.8256853044037,0.3324861040508671,2.0,1.0
train_000260,POL DC13,48,48,auxiliary_dc,2000.0,60.0,3,-732.5999755859375,0.0,55.5426016006976,0.04025866882224018,2.0,1.0
train_000260,POL DC14,49,49,auxiliary_dc,2000.0,60.0,3,-366.29998779296875,366.30029296875,34.24139556077199,0.016000133334444454,2.0,1.0
train_000260,POL DC15,50,50,auxiliary_dc,2000.0,60.0,2,-366.29998779296875,0.0001500000071246177,178.82853736636088,0.3355111292594105,2.0,1.0
train_000260,POL DC16,51,51,auxiliary_dc,2000.0,60.0,3,-366.29998779296875,366.30029296875,115.36094467421738,0.15080125667713898,2.0,1.0
train_000260,POL AC1,147,147,seeg_ac_candidate,2000.0,60.0,3346,-182.91006469726562,223.82810974121094,52.87759066894854,0.9733414445120376,1.0,0.004482964734010759
train_000260,POL AC2,148,148,seeg_ac_candidate,2000.0,60.0,2590,-108.88648223876953,176.46481323242188,37.79434270708321,0.9722581021508513,1.0,0.005791505791505791
train_000260,POL AC3,149,149,seeg_ac_candidate,2000.0,60.0,2412,-111.22991943359375,164.25790405273438,37.02411647148057,0.9748664572204768,1.0,0.006218905472636816
train_000260,POL AC4,150,150,seeg_ac_candidate,2000.0,60.0,2312,-105.27327728271484,156.25001525878906,32.93042047104664,0.968674738956158,1.0,0.006487889273356401
train_000260,POL AC5,151,151,seeg_ac_candidate,2000.0,60.0,2266,-96.97212219238281,168.94537353515625,32.123160149174225,0.9685497379144826,1.0,0.006619593998234775
train_000260,POL AC6,152,152,seeg_ac_candidate,2000.0,60.0,2620,-162.30455017089844,141.01564025878906,39.668256756597444,0.9642080350669588,1.0,0.0057251908396946565
train_000260,POL AC7,153,153,seeg_ac_candidate,2000.0,60.0,2187,-122.94847106933594,130.46900939941406,31.803629606647405,0.9661663847198727,1.0,0.006858710562414266
train_000260,POL AC8,154,154,seeg_ac_candidate,2000.0,60.0,2209,-114.45272827148438,132.42201232910156,33.61731310306607,0.9655163793031608,1.0,0.006790402897238569
train_000260,POL AC9,155,155,seeg_ac_candidate,2000.0,60.0,2287,-108.30030059814453,151.46498107910156,32.54916144143409,0.9646080384003201,1.0,0.006558810668998688
train_000260,POL AC10,156,156,seeg_ac_candidate,2000.0,60.0,2161,-76.36699676513672,158.59376525878906,31.01514892353168,0.9639246993724948,1.0,0.006941230911614993
train_000260,POL AC11,157,157,seeg_ac_candidate,2000.0,60.0,2191,-96.09326934814453,147.1681365966797,32.718251312767656,0.963766364719706,1.0,0.006846188954815153
train_000260,POL AC12,158,158,seeg_ac_candidate,2000.0,60.0,2583,-150.78082275390625,150.19541931152344,37.36415303692519,0.9660413836781974,1.0,0.005807200929152149
train_000260,POL AC13,159,159,seeg_ac_candidate,2000.0,60.0,2590,-135.6437530517578,165.52764892578125,37.15156103798165,0.9680080667338894,1.0,0.005791505791505791
train_000260,POL AC14,160,160,seeg_ac_candidate,2000.0,60.0,2816,-154.19888305664062,167.28526306152344,41.01196527326957,0.9705414211785098,1.0,0.005326704545454545
train_000260,POL AC15,161,161,seeg_ac_candidate,2000.0,60.0,2145,-108.3002700805664,123.2424087524414,31.62500173475074,0.9671663930532755,1.0,0.006993006993006993
train_000260,POL AC16,162,162,seeg_ac_candidate,2000.0,60.0,1330,-57.714359283447266,86.71891021728516,19.444450869941882,0.9620580171501429,1.0,0.011278195488721804
train_000274,POL DC01,36,36,auxiliary_dc,2000.0,60.0,3,-366.29998779296875,366.30029296875,86.93433902846327,0.09123409361744682,2.0,1.0
train_000274,POL DC02,37,37,auxiliary_dc,2000.0,60.0,3,-732.5999755859375,0.0,80.35518545512802,0.07831731931099425,2.0,1.0
train_000274,POL DC03,38,38,auxiliary_dc,2000.0,60.0,3,-732.5999755859375,0.0,37.482101052990835,0.018983491529096074,2.0,1.0
train_000274,POL DC04,39,39,auxiliary_dc,2000.0,60.0,3,-732.5999755859375,0.0,68.34689220869981,0.057983816531804434,2.0,1.0
train_000274,POL DC05,40,40,auxiliary_dc,2000.0,60.0,2,-366.29998779296875,0.0,183.03215228182705,0.35121959349661247,2.0,1.0
train_000274,POL DC06,41,41,auxiliary_dc,2000.0,60.0,3,-366.29998779296875,366.30029296875,73.56590869587322,0.0660505504212535,2.0,1.0
train_000274,POL DC07,42,42,auxiliary_dc,2000.0,60.0,3,-366.29998779296875,366.30029296875,95.1814514273496,0.10773423111859265,2.0,1.0
train_000274,POL DC08,43,43,auxiliary_dc,2000.0,60.0,2,-366.29998779296875,0.0001500000071246177,140.98667111491812,0.22028516904307535,2.0,1.0
train_000274,POL DC09,44,44,auxiliary_dc,2000.0,60.0,3,-732.5999755859375,0.0,43.33851496947614,0.025000208335069458,2.0,1.0
train_000274,POL DC10,45,45,auxiliary_dc,2000.0,60.0,3,-732.5999755859375,0.0,67.62022446192309,0.056650472087267395,2.0,1.0
train_000274,POL DC11,46,46,auxiliary_dc,2000.0,60.0,2,-366.29998779296875,0.0,175.26461724597033,0.3192859940499504,2.0,1.0
train_000274,POL DC12,47,47,auxiliary_dc,2000.0,60.0,3,-366.29998779296875,366.30029296875,64.8271192829559,0.05330044417036808,2.0,1.0
train_000274,POL DC13,48,48,auxiliary_dc,2000.0,60.0,3,-732.5999755859375,0.0,62.80563152290044,0.05003375028125234,2.0,1.0
train_000274,POL DC14,49,49,auxiliary_dc,2000.0,60.0,2,-366.29998779296875,0.0,181.7634341608879,0.3436195301627514,2.0,1.0
train_000274,POL DC15,50,50,auxiliary_dc,2000.0,60.0,2,-732.5999755859375,-366.29998779296875,179.34669820545892,0.3390278252318769,2.0,1.0
train_000274,POL DC16,51,51,auxiliary_dc,2000.0,60.0,3,-732.5999755859375,0.0,61.812642376729954,0.04886707389228243,2.0,1.0
train_000274,POL AC1,124,124,seeg_ac_candidate,2000.0,60.0,12495,-775.1953125,1275.488037109375,209.7302960568949,0.9942249518745989,1.0,0.004081632653061225
train_000274,POL AC2,125,125,seeg_ac_candidate,2000.0,60.0,12472,-768.8470458984375,1349.803955078125,210.94884085613157,0.9939582829856916,1.0,0.004249518922386145
train_000274,POL AC3,126,126,seeg_ac_candidate,2000.0,60.0,11512,-688.2804565429688,1179.1009521484375,190.84546559517528,0.9945082875690631,1.0,0.004343293954134816
train_000274,POL AC4,127,127,seeg_ac_candidate,2000.0,60.0,10755,-588.08544921875,1037.20703125,176.2028450941351,0.9941416178468154,1.0,0.004091120409112041
train_000274,POL AC5,128,128,seeg_ac_candidate,2000.0,60.0,10403,-548.7296142578125,958.4959716796875,168.1934168769312,0.9941166176384804,1.0,0.004229549168509084
train_000274,POL AC6,129,129,seeg_ac_candidate,2000.0,60.0,10046,-496.9722595214844,912.2069702148438,159.98843897819813,0.9941499512495937,1.0,0.004479394783993629
train_000274,POL AC7,130,130,seeg_ac_candidate,2000.0,60.0,9774,-477.050537109375,887.9882202148438,155.6653017337701,0.994341619513496,1.0,0.004194802537343974
train_000274,POL AC8,131,131,seeg_ac_candidate,2000.0,60.0,11273,-579.6871337890625,1054.0030517578125,184.6184133918898,0.993641613680114,1.0,0.003991838907123214
train_000274,POL AC9,132,132,seeg_ac_candidate,2000.0,60.0,12529,-637.9876098632812,1203.906005859375,209.9569002726705,0.9943916199301661,1.0,0.0037512969909809244
train_000274,POL AC10,133,133,seeg_ac_candidate,2000.0,60.0,12624,-642.8704833984375,1219.1400146484375,212.56374588031002,0.9941749514579288,1.0,0.004039923954372623
train_000274,POL AC11,134,134,seeg_ac_candidate,2000.0,60.0,11250,-490.13641357421875,1212.988037109375,188.25530595630678,0.9940832840273669,1.0,0.004088888888888889
train_000274,POL AC12,135,135,seeg_ac_candidate,2000.0,60.0,13723,-610.8395385742188,1233.39794921875,237.87830782192265,0.9943249527079392,1.0,0.004153610726517525
train_000274,POL AC13,136,136,seeg_ac_candidate,2000.0,60.0,14750,-757.909912109375,1338.76904296875,254.8516289672289,0.9940666172218102,1.0,0.003661016949152542
train_000274,POL AC14,137,137,seeg_ac_candidate,2000.0,60.0,15512,-831.4453125,1457.7139892578125,270.6603413447765,0.9943249527079392,1.0,0.003932439401753481
train_000274,POL AC15,138,138,seeg_ac_candidate,2000.0,60.0,11038,-569.5300903320312,937.3052368164062,188.2346593627676,0.99639996999975,1.0,0.003986229389382134
train_000274,POL AC16,139,139,seeg_ac_candidate,2000.0,60.0,16785,-942.8663940429688,1678.8079833984375,301.85486327404897,0.9943166193051609,1.0,0.0037533512064343165
train_000295,POL DC01,36,36,auxiliary_dc,1999.9999999999998,60.00000000000001,2,-366.29998779296875,0.0001500000071246177,168.9186475748805,0.3027441895349128,2.0,1.0
train_000295,POL DC02,37,37,auxiliary_dc,1999.9999999999998,60.00000000000001,3,-732.5999755859375,0.0,43.897268206001755,0.025766881390678256,2.0,1.0
train_000295,POL DC03,38,38,auxiliary_dc,1999.9999999999998,60.00000000000001,2,-732.5999755859375,-366.29998779296875,181.78263212332047,0.34624455203793364,2.0,1.0
train_000295,POL DC04,39,39,auxiliary_dc,1999.9999999999998,60.00000000000001,3,-732.5999755859375,0.0,113.40296355660026,0.14905124209368412,2.0,1.0
train_000295,POL DC05,40,40,auxiliary_dc,1999.9999999999998,60.00000000000001,3,-732.5999755859375,0.0,109.30523391646112,0.1414928457737148,2.0,1.0
train_000295,POL DC06,41,41,auxiliary_dc,1999.9999999999998,60.00000000000001,3,-732.5999755859375,0.0,35.345849968328885,0.017150142917857648,2.0,1.0
train_000295,POL DC07,42,42,auxiliary_dc,1999.9999999999998,60.00000000000001,3,-366.29998779296875,366.30029296875,46.843091784981674,0.028800240002000016,2.0,1.0
train_000295,POL DC08,43,43,auxiliary_dc,1999.9999999999998,60.00000000000001,3,-732.5999755859375,0.0,82.19895579916401,0.08343402861690515,2.0,1.0
train_000295,POL DC09,44,44,auxiliary_dc,1999.9999999999998,60.00000000000001,3,-732.5999755859375,0.0,43.212778068959466,0.02450020416836807,2.0,1.0
train_000295,POL DC10,45,45,auxiliary_dc,1999.9999999999998,60.00000000000001,3,-732.5999755859375,0.0,37.1678304041678,0.018850157084642372,2.0,1.0
train_000295,POL DC11,46,46,auxiliary_dc,1999.9999999999998,60.00000000000001,3,-366.29998779296875,366.30029296875,131.0963918204487,0.1902682522354353,2.0,1.0
train_000295,POL DC12,47,47,auxiliary_dc,1999.9999999999998,60.00000000000001,3,-732.5999755859375,0.0,117.53890628321146,0.158492987441562,2.0,1.0
train_000295,POL DC13,48,48,auxiliary_dc,1999.9999999999998,60.00000000000001,3,-732.5999755859375,0.0,65.31704332123785,0.05446712055933799,2.0,1.0
train_000295,POL DC14,49,49,auxiliary_dc,1999.9999999999998,60.00000000000001,2,-366.29998779296875,0.0001500000071246177,162.38756695223537,0.28286069050575424,2.0,1.0
train_000295,POL DC15,50,50,auxiliary_dc,1999.9999999999998,60.00000000000001,2,-366.29998779296875,0.0,182.6476142902702,0.3519945999549996,2.0,1.0
train_000295,POL DC16,51,51,auxiliary_dc,1999.9999999999998,60.00000000000001,2,-366.29998779296875,0.0001500000071246177,160.49767683138228,0.2757939649497079,2.0,1.0
train_000326,POL DC01,36,36,auxiliary_dc,2000.0,60.0,3,-366.29998779296875,366.30029296875,79.96807505972735,0.07908399236660306,2.0,1.0
train_000326,POL DC02,37,37,auxiliary_dc,2000.0,60.0,3,-732.5999755859375,0.0,111.9878551170924,0.14530954424620204,2.0,1.0
train_000326,POL DC03,38,38,auxiliary_dc,2000.0,60.0,3,-732.5999755859375,0.0,42.07822382423756,0.024200201668347236,2.0,1.0
train_000326,POL DC04,39,39,auxiliary_dc,2000.0,60.0,3,-732.5999755859375,0.0,86.0065799597713,0.08991741597846649,2.0,1.0
train_000326,POL DC05,40,40,auxiliary_dc,2000.0,60.0,3,-366.29998779296875,366.30029296875,37.88506121093313,0.019383494862457187,2.0,1.0
train_000326,POL DC06,41,41,auxiliary_dc,2000.0,60.0,2,-366.29998779296875,0.0,180.3846716377934,0.34125284377369813,2.0,1.0
train_000326,POL DC07,42,42,auxiliary_dc,2000.0,60.0,3,-366.29998779296875,366.30029296875,167.14806829930185,0.30121917682647353,2.0,1.0
train_000326,POL DC08,43,43,auxiliary_dc,2000.0,60.0,2,-366.29998779296875,0.0,181.46795426033094,0.34606955057958816,2.0,1.0
train_000326,POL DC09,44,44,auxiliary_dc,2000.0,60.0,3,-732.5999755859375,0.0,40.44754311068068,0.02226685222376853,2.0,1.0
train_000326,POL DC10,45,45,auxiliary_dc,2000.0,60.0,2,-366.29998779296875,0.0,183.12756374579806,0.3495779131492762,2.0,1.0
train_000326,POL DC11,46,46,auxiliary_dc,2000.0,60.0,2,-366.29998779296875,0.0,168.164408050182,0.3032275268960575,2.0,1.0
train_000326,POL DC12,47,47,auxiliary_dc,2000.0,60.0,2,-366.29998779296875,0.0,172.6171037005353,0.31669430578588154,2.0,1.0
train_000326,POL DC13,48,48,auxiliary_dc,2000.0,60.0,3,-732.5999755859375,0.0,50.20934593333324,0.03286694055783798,2.0,1.0
train_000326,POL DC14,49,49,auxiliary_dc,2000.0,60.0,3,-366.29998779296875,366.30029296875,35.56109086830309,0.01653347111225927,2.0,1.0
train_000326,POL DC15,50,50,auxiliary_dc,2000.0,60.0,2,-366.29998779296875,0.0001500000071246177,181.58703878275077,0.3448778739822832,2.0,1.0
train_000326,POL DC16,51,51,auxiliary_dc,2000.0,60.0,3,-366.29998779296875,366.30029296875,125.66792114402193,0.17591813265110542,2.0,1.0
train_000326,POL AC1,147,147,seeg_ac_candidate,2000.0,60.0,3658,-215.03895568847656,172.94921875,62.18454603348425,0.9740247835398629,1.0,0.004100601421541826
train_000326,POL AC2,148,148,seeg_ac_candidate,2000.0,60.0,3017,-160.3512725830078,163.86715698242188,47.58490022319595,0.9721247677063976,1.0,0.004971826317533974
train_000326,POL AC3,149,149,seeg_ac_candidate,2000.0,60.0,2819,-111.22991943359375,194.0430145263672,45.37009020774313,0.9750664588871574,1.0,0.005321035828307911
train_000326,POL AC4,150,150,seeg_ac_candidate,2000.0,60.0,2521,-105.27327728271484,162.69532775878906,39.99516378721095,0.9687664063867198,1.0,0.005950019833399445
train_000326,POL AC5,151,151,seeg_ac_candidate,2000.0,60.0,2570,-107.90960693359375,175.00006103515625,40.790607875915526,0.9691247427061892,1.0,0.005836575875486381
train_000326,POL AC6,152,152,seeg_ac_candidate,2000.0,60.0,2616,-137.3045654296875,138.47657775878906,37.97471659563614,0.9647330394419954,1.0,0.005733944954128441
train_000326,POL AC7,153,153,seeg_ac_candidate,2000.0,60.0,2736,-159.0812225341797,136.816650390625,40.68920060131838,0.9657163809698415,1.0,0.005482456140350877
train_000326,POL AC8,154,154,seeg_ac_candidate,2000.0,60.0,2431,-114.06210327148438,135.15638732910156,36.31074334727027,0.9662747189559913,1.0,0.006170300287947347
train_000326,POL AC9,155,155,seeg_ac_candidate,2000.0,60.0,2418,-137.89010620117188,121.97283935546875,36.30054720924268,0.965333044442037,1.0,0.00620347394540943
train_000326,POL AC10,156,156,seeg_ac_candidate,2000.0,60.0,2136,-89.74589538574219,131.6406707763672,32.095746690426985,0.9651580429836916,1.0,0.007022471910112359
train_000326,POL AC11,157,157,seeg_ac_candidate,2000.0,60.0,2328,-115.52684020996094,128.32049560546875,37.23775083135238,0.9646080384003201,1.0,0.006443298969072165
train_000326,POL AC12,158,158,seeg_ac_candidate,2000.0,60.0,2430,-121.6792984008789,127.14856719970703,39.835961602045735,0.965449712080934,1.0,0.006172839506172839
train_000326,POL AC13,159,159,seeg_ac_candidate,2000.0,60.0,2509,-129.68673706054688,145.99642944335938,38.408085244637775,0.9690830756922975,1.0,0.005978477481068154
train_000326,POL AC14,160,160,seeg_ac_candidate,2000.0,60.0,2847,-150.78091430664062,152.34385681152344,43.29292234870252,0.9709997583313195,1.0,0.005268703898840885
train_000326,POL AC15,161,161,seeg_ac_candidate,2000.0,60.0,2317,-118.55416107177734,141.0158233642578,32.520694406300656,0.9684580704839207,1.0,0.006473888649115235
train_000326,POL AC16,162,162,seeg_ac_candidate,2000.0,60.0,1198,-45.507354736328125,85.25406646728516,17.22897512179017,0.9613746781223177,1.0,0.012520868113522538
train_000430,POL DC01,36,36,auxiliary_dc,2000.0,60.0,3,-366.29998779296875,366.30029296875,83.57450157710329,0.0847840398669989,2.0,1.0
train_000430,POL DC02,37,37,auxiliary_dc,2000.0,60.0,3,-732.5999755859375,0.0,80.34407599536824,0.07828398569988083,2.0,1.0
train_000430,POL DC03,38,38,auxiliary_dc,2000.0,60.0,3,-732.5999755859375,0.0,36.249003602712136,0.01783348194568288,2.0,1.0
train_000430,POL DC04,39,39,auxiliary_dc,2000.0,60.0,3,-732.5999755859375,0.0,76.65908726971547,0.07158392986608221,2.0,1.0
train_000430,POL DC05,40,40,auxiliary_dc,2000.0,60.0,2,-366.29998779296875,0.0,183.1082471946242,0.35165293044108703,2.0,1.0
train_000430,POL DC06,41,41,auxiliary_dc,2000.0,60.0,3,-366.29998779296875,366.30029296875,79.83242377386956,0.07748397903315861,2.0,1.0
train_000430,POL DC07,42,42,auxiliary_dc,2000.0,60.0,3,-366.29998779296875,366.30029296875,97.95180399879547,0.1138176151467929,2.0,1.0
train_000430,POL DC08,43,43,auxiliary_dc,2000.0,60.0,2,-366.29998779296875,0.0001500000071246177,137.88593758962816,0.21138509487579063,2.0,1.0
train_000430,POL DC09,44,44,auxiliary_dc,2000.0,60.0,3,-732.5999755859375,0.0,44.8614992405731,0.02673355611296761,2.0,1.0
train_000430,POL DC10,45,45,auxiliary_dc,2000.0,60.0,3,-732.5999755859375,0.0,75.86374871356821,0.0703422528521071,2.0,1.0
train_000430,POL DC11,46,46,auxiliary_dc,2000.0,60.0,2,-366.29998779296875,0.0,172.62467972219588,0.31041092009100074,2.0,1.0
train_000430,POL DC12,47,47,auxiliary_dc,2000.0,60.0,3,-366.29998779296875,366.30029296875,61.448933138342774,0.048183734864457206,2.0,1.0
train_000430,POL DC13,48,48,auxiliary_dc,2000.0,60.0,3,-732.5999755859375,0.0,63.70732591514716,0.05156709639246994,2.0,1.0
train_000430,POL DC14,49,49,auxiliary_dc,2000.0,60.0,2,-366.29998779296875,0.0,181.72309937076363,0.34228618571821434,2.0,1.0
train_000430,POL DC15,50,50,auxiliary_dc,2000.0,60.0,2,-732.5999755859375,-366.29998779296875,178.5324040951624,0.3360861340511171,2.0,1.0
train_000430,POL DC16,51,51,auxiliary_dc,2000.0,60.0,3,-732.5999755859375,0.0,61.3163127348236,0.04798373319777665,2.0,1.0
train_000430,POL AC1,124,124,seeg_ac_candidate,2000.0,60.0,10896,-548.73046875,1275.488037109375,168.98816780367667,0.9940916174301453,1.0,0.004038179148311307
train_000430,POL AC2,125,125,seeg_ac_candidate,2000.0,60.0,10995,-582.32373046875,1349.803955078125,173.53384097754133,0.9939082825690214,1.0,0.004092769440654843
train_000430,POL AC3,126,126,seeg_ac_candidate,2000.0,60.0,10353,-550.780517578125,1179.1009521484375,159.54097050185786,0.9942666188884908,1.0,0.004732927653820149
train_000430,POL AC4,127,127,seeg_ac_candidate,2000.0,60.0,9905,-504.49169921875,1037.20703125,149.30352993653113,0.9941499512495937,1.0,0.004341241797072186
train_000430,POL AC5,128,128,seeg_ac_candidate,2000.0,60.0,9723,-496.87420654296875,958.4959716796875,142.96864851532575,0.9940082834023617,1.0,0.004011107682813947
train_000430,POL AC6,129,129,seeg_ac_candidate,2000.0,60.0,9468,-460.2535095214844,912.2069702148438,137.55838547132515,0.9943999533329444,1.0,0.004435994930291508
train_000430,POL AC7,130,130,seeg_ac_candidate,2000.0,60.0,9329,-442.3825988769531,887.9882202148438,135.23758966936717,0.9943582863190527,1.0,0.004073319755600814
train_000430,POL AC8,131,131,seeg_ac_candidate,2000.0,60.0,10557,-552.2457275390625,1054.0030517578125,156.54906583718673,0.9937499479162326,1.0,0.004073126835275173
train_000430,POL AC9,132,132,seeg_ac_candidate,2000.0,60.0,11691,-609.9603271484375,1203.906005859375,179.24022169282804,0.994108284235702,1.0,0.003849114703618168
train_000430,POL AC10,133,133,seeg_ac_candidate,2000.0,60.0,11725,-607.2259521484375,1219.1400146484375,180.62326678451313,0.9942916190968258,1.0,0.0042643923240938165
train_000430,POL AC11,134,134,seeg_ac_candidate,2000.0,60.0,10007,-432.2262878417969,1212.988037109375,160.41285961691878,0.9941582846523721,1.0,0.004097132007594683
train_000430,POL AC12,135,135,seeg_ac_candidate,2000.0,60.0,12448,-610.8395385742188,1233.39794921875,194.06394296884034,0.9943582863190527,1.0,0.003936375321336761
train_000430,POL AC13,136,136,seeg_ac_candidate,2000.0,60.0,13572,-757.909912109375,1338.76904296875,210.57764662361726,0.9941666180551505,1.0,0.0036840554081933393
train_000430,POL AC14,137,137,seeg_ac_candidate,2000.0,60.0,14188,-831.4453125,1457.7139892578125,224.6212193806645,0.9942832856940474,1.0,0.0039469974626444885
train_000430,POL AC15,138,138,seeg_ac_candidate,2000.0,60.0,10738,-569.5300903320312,937.3052368164062,168.4057425754063,0.996516637638647,1.0,0.0038182156826224623
train_000430,POL AC16,139,139,seeg_ac_candidate,2000.0,60.0,14954,-942.8663940429688,1678.8079833984375,246.47655929203077,0.9940832840273669,1.0,0.0038785609201551423
train_000440,POL DC01,36,36,auxiliary_dc,1999.9999999999998,60.00000000000001,2,-366.29998779296875,0.0001500000071246177,165.52280039242163,0.2932607771731431,2.0,1.0
train_000440,POL DC02,37,37,auxiliary_dc,1999.9999999999998,60.00000000000001,3,-732.5999755859375,0.0,36.634607637008045,0.01835015291794098,2.0,1.0
train_000440,POL DC03,38,38,auxiliary_dc,1999.9999999999998,60.00000000000001,2,-732.5999755859375,-366.29998779296875,182.56713050129844,0.3475945632880274,2.0,1.0
train_000440,POL DC04,39,39,auxiliary_dc,1999.9999999999998,60.00000000000001,2,-366.29998779296875,0.0,150.0203947323956,0.24556871307260894,2.0,1.0
train_000440,POL DC05,40,40,auxiliary_dc,1999.9999999999998,60.00000000000001,3,-732.5999755859375,0.0,91.2532145406964,0.1003508362569688,2.0,1.0
train_000440,POL DC06,41,41,auxiliary_dc,1999.9999999999998,60.00000000000001,3,-732.5999755859375,0.0,33.40500359289059,0.015425128542737856,2.0,1.0
train_000440,POL DC07,42,42,auxiliary_dc,1999.9999999999998,60.00000000000001,3,-366.29998779296875,366.30029296875,38.17798764609116,0.01950016250135418,2.0,1.0
train_000440,POL DC08,43,43,auxiliary_dc,1999.9999999999998,60.00000000000001,3,-732.5999755859375,0.0,124.6149735070574,0.17733481112342603,2.0,1.0
train_000440,POL DC09,44,44,auxiliary_dc,1999.9999999999998,60.00000000000001,3,-732.5999755859375,0.0,45.00125662273469,0.027116892640772005,2.0,1.0
train_000440,POL DC10,45,45,auxiliary_dc,1999.9999999999998,60.00000000000001,3,-732.5999755859375,0.0,39.06130919345181,0.020933507779231492,2.0,1.0
train_000440,POL DC11,46,46,auxiliary_dc,1999.9999999999998,60.00000000000001,2,-366.29998779296875,0.0,176.41615704342487,0.3272777273143943,2.0,1.0
train_000440,POL DC12,47,47,auxiliary_dc,1999.9999999999998,60.00000000000001,3,-732.5999755859375,0.0,82.26262934841124,0.08295069125576046,2.0,1.0
train_000440,POL DC13,48,48,auxiliary_dc,1999.9999999999998,60.00000000000001,3,-732.5999755859375,0.0,93.65168938400322,0.10486754056283802,2.0,1.0
train_000440,POL DC14,49,49,auxiliary_dc,1999.9999999999998,60.00000000000001,2,-366.29998779296875,0.0001500000071246177,149.9905192876946,0.24589371578096483,2.0,1.0
train_000440,POL DC15,50,50,auxiliary_dc,1999.9999999999998,60.00000000000001,2,-366.29998779296875,0.0,181.15988881859124,0.3464195534962791,2.0,1.0
train_000440,POL DC16,51,51,auxiliary_dc,1999.9999999999998,60.00000000000001,2,-366.29998779296875,0.0,173.0822579982014,0.3187109892582438,2.0,1.0
